location,parameter,value,unit,measured_at
US Diplomatic Post: Jakarta South,pm25,39.0,µg/m³,2016-01-30T01:00:00Z
US Diplomatic Post: Jakarta South,pm25,50.0,µg/m³,2016-01-30T02:00:00Z
US Diplomatic Post: Jakarta South,pm25,52.0,µg/m³,2016-01-30T03:00:00Z
US Diplomatic Post: Jakarta South,pm25,39.0,µg/m³,2016-01-30T04:00:00Z
US Diplomatic Post: Jakarta South,pm25,45.0,µg/m³,2016-01-30T05:00:00Z
US Diplomatic Post: Jakarta South,pm25,27.0,µg/m³,2016-01-30T06:00:00Z
US Diplomatic Post: Jakarta South,pm25,,µg/m³,2016-01-30T07:00:00Z
US Diplomatic Post: Jakarta South,pm25,,µg/m³,2016-01-30T08:00:00Z
US Diplomatic Post: Jakarta South,pm25,,µg/m³,2016-01-30T09:00:00Z
US Diplomatic Post: Jakarta South,pm25,,µg/m³,2016-01-30T10:00:00Z
US Diplomatic Post: Jakarta South,pm25,,µg/m³,2016-01-30T11:00:00Z
US Diplomatic Post: Jakarta South,pm25,,µg/m³,2016-01-30T12:00:00Z
US Diplomatic Post: Jakarta South,pm25,37.0,µg/m³,2016-01-30T13:00:00Z
US Diplomatic Post: Jakarta South,pm25,43.0,µg/m³,2016-01-30T14:00:00Z
US Diplomatic Post: Jakarta South,pm25,,µg/m³,2016-01-30T15:00:00Z
US Diplomatic Post: Jakarta South,pm25,,µg/m³,2016-01-30T16:00:00Z
US Diplomatic Post: Jakarta South,pm25,,µg/m³,2016-01-30T17:00:00Z
US Diplomatic Post: Jakarta South,pm25,,µg/m³,2016-01-30T18:00:00Z
US Diplomatic Post: Jakarta South,pm25,,µg/m³,2016-01-30T19:00:00Z
US Diplomatic Post: Jakarta South,pm25,,µg/m³,2016-01-30T20:00:00Z
US Diplomatic Post: Jakarta South,pm25,,µg/m³,2016-01-30T21:00:00Z
US Diplomatic Post: Jakarta South,pm25,,µg/m³,2016-01-30T22:00:00Z
US Diplomatic Post: Jakarta South,pm25,,µg/m³,2016-01-30T23:00:00Z
US Diplomatic Post: Jakarta South,pm25,,µg/m³,2016-01-31T00:00:00Z
US Diplomatic Post: Jakarta South,pm25,,µg/m³,2016-01-31T01:00:00Z
US Diplomatic Post: Jakarta South,pm25,,µg/m³,2016-01-31T02:00:00Z
US Diplomatic Post: Jakarta South,pm25,,µg/m³,2016-01-31T03:00:00Z
US Diplomatic Post: Jakarta South,pm25,,µg/m³,2016-01-31T04:00:00Z
US Diplomatic Post: Jakarta South,pm25,18.0,µg/m³,2016-01-31T05:00:00Z
US Diplomatic Post: Jakarta South,pm25,16.0,µg/m³,2016-01-31T06:00:00Z
US Diplomatic Post: Jakarta South,pm25,,µg/m³,2016-01-31T07:00:00Z
US Diplomatic Post: Jakarta South,pm25,,µg/m³,2016-01-31T08:00:00Z
US Diplomatic Post: Jakarta South,pm25,,µg/m³,2016-01-31T09:00:00Z
US Diplomatic Post: Jakarta South,pm25,,µg/m³,2016-01-31T10:00:00Z
US Diplomatic Post: Jakarta South,pm25,,µg/m³,2016-01-31T11:00:00Z
US Diplomatic Post: Jakarta South,pm25,,µg/m³,2016-01-31T12:00:00Z
US Diplomatic Post: Jakarta South,pm25,,µg/m³,2016-01-31T13:00:00Z
US Diplomatic Post: Jakarta South,pm25,,µg/m³,2016-01-31T14:00:00Z
US Diplomatic Post: Jakarta South,pm25,27.0,µg/m³,2016-01-31T15:00:00Z
US Diplomatic Post: Jakarta South,pm25,36.0,µg/m³,2016-01-31T16:00:00Z
US Diplomatic Post: Jakarta South,pm25,,µg/m³,2016-01-31T17:00:00Z
US Diplomatic Post: Jakarta South,pm25,,µg/m³,2016-01-31T18:00:00Z
US Diplomatic Post: Jakarta South,pm25,19.0,µg/m³,2016-01-31T19:00:00Z
US Diplomatic Post: Jakarta South,pm25,23.0,µg/m³,2016-01-31T20:00:00Z
US Diplomatic Post: Jakarta South,pm25,,µg/m³,2016-01-31T21:00:00Z
US Diplomatic Post: Jakarta South,pm25,,µg/m³,2016-01-31T22:00:00Z
US Diplomatic Post: Jakarta South,pm25,28.0,µg/m³,2016-01-31T23:00:00Z
US Diplomatic Post: Jakarta South,pm25,39.0,µg/m³,2016-02-01T00:00:00Z
US Diplomatic Post: Jakarta South,pm25,,µg/m³,2016-02-01T01:00:00Z
US Diplomatic Post: Jakarta South,pm25,,µg/m³,2016-02-01T02:00:00Z
US Diplomatic Post: Jakarta South,pm25,31.0,µg/m³,2016-02-01T03:00:00Z
US Diplomatic Post: Jakarta South,pm25,22.0,µg/m³,2016-02-01T04:00:00Z
US Diplomatic Post: Jakarta South,pm25,32.0,µg/m³,2016-02-01T05:00:00Z
US Diplomatic Post: Jakarta South,pm25,19.0,µg/m³,2016-02-01T06:00:00Z
US Diplomatic Post: Jakarta South,pm25,24.0,µg/m³,2016-02-01T07:00:00Z
US Diplomatic Post: Jakarta South,pm25,20.0,µg/m³,2016-02-01T08:00:00Z
US Diplomatic Post: Jakarta South,pm25,17.0,µg/m³,2016-02-01T09:00:00Z
US Diplomatic Post: Jakarta South,pm25,29.0,µg/m³,2016-02-01T10:00:00Z
US Diplomatic Post: Jakarta South,pm25,46.0,µg/m³,2016-02-01T11:00:00Z
US Diplomatic Post: Jakarta South,pm25,60.0,µg/m³,2016-02-01T12:00:00Z
US Diplomatic Post: Jakarta South,pm25,43.0,µg/m³,2016-02-01T13:00:00Z
US Diplomatic Post: Jakarta South,pm25,48.0,µg/m³,2016-02-01T14:00:00Z
US Diplomatic Post: Jakarta South,pm25,48.0,µg/m³,2016-02-01T15:00:00Z
US Diplomatic Post: Jakarta South,pm25,40.0,µg/m³,2016-02-01T16:00:00Z
US Diplomatic Post: Jakarta South,pm25,34.0,µg/m³,2016-02-01T17:00:00Z
US Diplomatic Post: Jakarta South,pm25,17.0,µg/m³,2016-02-01T18:00:00Z
US Diplomatic Post: Jakarta South,pm25,25.0,µg/m³,2016-02-01T19:00:00Z
US Diplomatic Post: Jakarta South,pm25,41.0,µg/m³,2016-02-01T20:00:00Z
US Diplomatic Post: Jakarta South,pm25,,µg/m³,2016-02-01T21:00:00Z
US Diplomatic Post: Jakarta South,pm25,,µg/m³,2016-02-01T22:00:00Z
US Diplomatic Post: Jakarta South,pm25,41.0,µg/m³,2016-02-01T23:00:00Z
US Diplomatic Post: Jakarta South,pm25,43.0,µg/m³,2016-02-02T00:00:00Z
US Diplomatic Post: Jakarta South,pm25,47.0,µg/m³,2016-02-02T01:00:00Z
US Diplomatic Post: Jakarta South,pm25,47.0,µg/m³,2016-02-02T02:00:00Z
US Diplomatic Post: Jakarta South,pm25,53.0,µg/m³,2016-02-02T03:00:00Z
US Diplomatic Post: Jakarta South,pm25,28.0,µg/m³,2016-02-02T04:00:00Z
US Diplomatic Post: Jakarta South,pm25,20.0,µg/m³,2016-02-02T05:00:00Z
US Diplomatic Post: Jakarta South,pm25,19.0,µg/m³,2016-02-02T06:00:00Z
US Diplomatic Post: Jakarta South,pm25,24.0,µg/m³,2016-02-02T07:00:00Z
US Diplomatic Post: Jakarta South,pm25,24.0,µg/m³,2016-02-02T08:00:00Z
US Diplomatic Post: Jakarta South,pm25,22.0,µg/m³,2016-02-02T09:00:00Z
US Diplomatic Post: Jakarta South,pm25,26.0,µg/m³,2016-02-02T10:00:00Z
US Diplomatic Post: Jakarta South,pm25,24.0,µg/m³,2016-02-02T11:00:00Z
US Diplomatic Post: Jakarta South,pm25,37.0,µg/m³,2016-02-02T12:00:00Z
US Diplomatic Post: Jakarta South,pm25,36.0,µg/m³,2016-02-02T13:00:00Z
US Diplomatic Post: Jakarta South,pm25,28.0,µg/m³,2016-02-02T14:00:00Z
US Diplomatic Post: Jakarta South,pm25,37.0,µg/m³,2016-02-02T15:00:00Z
US Diplomatic Post: Jakarta South,pm25,37.0,µg/m³,2016-02-02T16:00:00Z
US Diplomatic Post: Jakarta South,pm25,47.0,µg/m³,2016-02-02T17:00:00Z
US Diplomatic Post: Jakarta South,pm25,43.0,µg/m³,2016-02-02T18:00:00Z
US Diplomatic Post: Jakarta South,pm25,19.0,µg/m³,2016-02-02T19:00:00Z
US Diplomatic Post: Jakarta South,pm25,18.0,µg/m³,2016-02-02T20:00:00Z
US Diplomatic Post: Jakarta South,pm25,22.0,µg/m³,2016-02-02T21:00:00Z
US Diplomatic Post: Jakarta South,pm25,27.0,µg/m³,2016-02-02T22:00:00Z
US Diplomatic Post: Jakarta South,pm25,20.0,µg/m³,2016-02-02T23:00:00Z
US Diplomatic Post: Jakarta South,pm25,20.0,µg/m³,2016-02-03T00:00:00Z
US Diplomatic Post: Jakarta South,pm25,26.0,µg/m³,2016-02-03T01:00:00Z
US Diplomatic Post: Jakarta South,pm25,20.0,µg/m³,2016-02-03T02:00:00Z
US Diplomatic Post: Jakarta South,pm25,16.0,µg/m³,2016-02-03T03:00:00Z
US Diplomatic Post: Jakarta South,pm25,20.0,µg/m³,2016-02-03T04:00:00Z
US Diplomatic Post: Jakarta Central,pm25,10.0,µg/m³,2016-01-30T01:00:00Z
US Diplomatic Post: Jakarta Central,pm25,13.0,µg/m³,2016-01-30T02:00:00Z
US Diplomatic Post: Jakarta Central,pm25,10.0,µg/m³,2016-01-30T03:00:00Z
US Diplomatic Post: Jakarta Central,pm25,10.0,µg/m³,2016-01-30T04:00:00Z
US Diplomatic Post: Jakarta Central,pm25,11.0,µg/m³,2016-01-30T05:00:00Z
US Diplomatic Post: Jakarta Central,pm25,4.0,µg/m³,2016-01-30T06:00:00Z
US Diplomatic Post: Jakarta Central,pm25,,µg/m³,2016-01-30T07:00:00Z
US Diplomatic Post: Jakarta Central,pm25,,µg/m³,2016-01-30T08:00:00Z
US Diplomatic Post: Jakarta Central,pm25,,µg/m³,2016-01-30T09:00:00Z
US Diplomatic Post: Jakarta Central,pm25,,µg/m³,2016-01-30T10:00:00Z
US Diplomatic Post: Jakarta Central,pm25,,µg/m³,2016-01-30T11:00:00Z
US Diplomatic Post: Jakarta Central,pm25,,µg/m³,2016-01-30T12:00:00Z
US Diplomatic Post: Jakarta Central,pm25,21.0,µg/m³,2016-01-30T13:00:00Z
US Diplomatic Post: Jakarta Central,pm25,18.0,µg/m³,2016-01-30T14:00:00Z
US Diplomatic Post: Jakarta Central,pm25,,µg/m³,2016-01-30T15:00:00Z
US Diplomatic Post: Jakarta Central,pm25,,µg/m³,2016-01-30T16:00:00Z
US Diplomatic Post: Jakarta Central,pm25,,µg/m³,2016-01-30T17:00:00Z
US Diplomatic Post: Jakarta Central,pm25,,µg/m³,2016-01-30T18:00:00Z
US Diplomatic Post: Jakarta Central,pm25,,µg/m³,2016-01-30T19:00:00Z
US Diplomatic Post: Jakarta Central,pm25,,µg/m³,2016-01-30T20:00:00Z
US Diplomatic Post: Jakarta Central,pm25,,µg/m³,2016-01-30T21:00:00Z
US Diplomatic Post: Jakarta Central,pm25,,µg/m³,2016-01-30T22:00:00Z
US Diplomatic Post: Jakarta Central,pm25,,µg/m³,2016-01-30T23:00:00Z
US Diplomatic Post: Jakarta Central,pm25,,µg/m³,2016-01-31T00:00:00Z
US Diplomatic Post: Jakarta Central,pm25,,µg/m³,2016-01-31T01:00:00Z
US Diplomatic Post: Jakarta Central,pm25,,µg/m³,2016-01-31T02:00:00Z
US Diplomatic Post: Jakarta Central,pm25,,µg/m³,2016-01-31T03:00:00Z
US Diplomatic Post: Jakarta Central,pm25,,µg/m³,2016-01-31T04:00:00Z
US Diplomatic Post: Jakarta Central,pm25,2.0,µg/m³,2016-01-31T05:00:00Z
US Diplomatic Post: Jakarta Central,pm25,,µg/m³,2016-01-31T06:00:00Z
US Diplomatic Post: Jakarta Central,pm25,,µg/m³,2016-01-31T07:00:00Z
US Diplomatic Post: Jakarta Central,pm25,,µg/m³,2016-01-31T08:00:00Z
US Diplomatic Post: Jakarta Central,pm25,,µg/m³,2016-01-31T09:00:00Z
US Diplomatic Post: Jakarta Central,pm25,,µg/m³,2016-01-31T10:00:00Z
US Diplomatic Post: Jakarta Central,pm25,,µg/m³,2016-01-31T11:00:00Z
US Diplomatic Post: Jakarta Central,pm25,,µg/m³,2016-01-31T12:00:00Z
US Diplomatic Post: Jakarta Central,pm25,,µg/m³,2016-01-31T13:00:00Z
US Diplomatic Post: Jakarta Central,pm25,,µg/m³,2016-01-31T14:00:00Z
US Diplomatic Post: Jakarta Central,pm25,,µg/m³,2016-01-31T15:00:00Z
US Diplomatic Post: Jakarta Central,pm25,15.0,µg/m³,2016-01-31T16:00:00Z
US Diplomatic Post: Jakarta Central,pm25,,µg/m³,2016-01-31T17:00:00Z
US Diplomatic Post: Jakarta Central,pm25,,µg/m³,2016-01-31T18:00:00Z
US Diplomatic Post: Jakarta Central,pm25,5.0,µg/m³,2016-01-31T19:00:00Z
US Diplomatic Post: Jakarta Central,pm25,3.0,µg/m³,2016-01-31T20:00:00Z
US Diplomatic Post: Jakarta Central,pm25,,µg/m³,2016-01-31T21:00:00Z
US Diplomatic Post: Jakarta Central,pm25,,µg/m³,2016-01-31T22:00:00Z
US Diplomatic Post: Jakarta Central,pm25,22.0,µg/m³,2016-01-31T23:00:00Z
US Diplomatic Post: Jakarta Central,pm25,8.0,µg/m³,2016-02-01T00:00:00Z
US Diplomatic Post: Jakarta Central,pm25,,µg/m³,2016-02-01T01:00:00Z
US Diplomatic Post: Jakarta Central,pm25,,µg/m³,2016-02-01T02:00:00Z
US Diplomatic Post: Jakarta Central,pm25,18.0,µg/m³,2016-02-01T03:00:00Z
US Diplomatic Post: Jakarta Central,pm25,,µg/m³,2016-02-01T04:00:00Z
US Diplomatic Post: Jakarta Central,pm25,12.0,µg/m³,2016-02-01T05:00:00Z
US Diplomatic Post: Jakarta Central,pm25,6.0,µg/m³,2016-02-01T06:00:00Z
US Diplomatic Post: Jakarta Central,pm25,3.0,µg/m³,2016-02-01T07:00:00Z
US Diplomatic Post: Jakarta Central,pm25,2.0,µg/m³,2016-02-01T08:00:00Z
US Diplomatic Post: Jakarta Central,pm25,7.0,µg/m³,2016-02-01T09:00:00Z
US Diplomatic Post: Jakarta Central,pm25,7.0,µg/m³,2016-02-01T10:00:00Z
US Diplomatic Post: Jakarta Central,pm25,7.0,µg/m³,2016-02-01T11:00:00Z
US Diplomatic Post: Jakarta Central,pm25,4.0,µg/m³,2016-02-01T12:00:00Z
US Diplomatic Post: Jakarta Central,pm25,28.0,µg/m³,2016-02-01T13:00:00Z
US Diplomatic Post: Jakarta Central,pm25,38.0,µg/m³,2016-02-01T14:00:00Z
US Diplomatic Post: Jakarta Central,pm25,23.0,µg/m³,2016-02-01T15:00:00Z
US Diplomatic Post: Jakarta Central,pm25,2.0,µg/m³,2016-02-01T16:00:00Z
US Diplomatic Post: Jakarta Central,pm25,0.0,µg/m³,2016-02-01T17:00:00Z
US Diplomatic Post: Jakarta Central,pm25,,µg/m³,2016-02-01T18:00:00Z
US Diplomatic Post: Jakarta Central,pm25,,µg/m³,2016-02-01T19:00:00Z
US Diplomatic Post: Jakarta Central,pm25,21.0,µg/m³,2016-02-01T20:00:00Z
US Diplomatic Post: Jakarta Central,pm25,,µg/m³,2016-02-01T21:00:00Z
US Diplomatic Post: Jakarta Central,pm25,,µg/m³,2016-02-01T22:00:00Z
US Diplomatic Post: Jakarta Central,pm25,27.0,µg/m³,2016-02-01T23:00:00Z
US Diplomatic Post: Jakarta Central,pm25,25.0,µg/m³,2016-02-02T00:00:00Z
US Diplomatic Post: Jakarta Central,pm25,23.0,µg/m³,2016-02-02T01:00:00Z
US Diplomatic Post: Jakarta Central,pm25,24.0,µg/m³,2016-02-02T02:00:00Z
US Diplomatic Post: Jakarta Central,pm25,27.0,µg/m³,2016-02-02T03:00:00Z
US Diplomatic Post: Jakarta Central,pm25,17.0,µg/m³,2016-02-02T04:00:00Z
US Diplomatic Post: Jakarta Central,pm25,10.0,µg/m³,2016-02-02T05:00:00Z
US Diplomatic Post: Jakarta Central,pm25,6.0,µg/m³,2016-02-02T06:00:00Z
US Diplomatic Post: Jakarta Central,pm25,4.0,µg/m³,2016-02-02T07:00:00Z
US Diplomatic Post: Jakarta Central,pm25,7.0,µg/m³,2016-02-02T08:00:00Z
US Diplomatic Post: Jakarta Central,pm25,2.0,µg/m³,2016-02-02T09:00:00Z
US Diplomatic Post: Jakarta Central,pm25,5.0,µg/m³,2016-02-02T10:00:00Z
US Diplomatic Post: Jakarta Central,pm25,5.0,µg/m³,2016-02-02T11:00:00Z
US Diplomatic Post: Jakarta Central,pm25,8.0,µg/m³,2016-02-02T12:00:00Z
US Diplomatic Post: Jakarta Central,pm25,21.0,µg/m³,2016-02-02T13:00:00Z
US Diplomatic Post: Jakarta Central,pm25,14.0,µg/m³,2016-02-02T14:00:00Z
US Diplomatic Post: Jakarta Central,pm25,17.0,µg/m³,2016-02-02T15:00:00Z
US Diplomatic Post: Jakarta Central,pm25,25.0,µg/m³,2016-02-02T16:00:00Z
US Diplomatic Post: Jakarta Central,pm25,36.0,µg/m³,2016-02-02T17:00:00Z
US Diplomatic Post: Jakarta Central,pm25,24.0,µg/m³,2016-02-02T18:00:00Z
US Diplomatic Post: Jakarta Central,pm25,1.0,µg/m³,2016-02-02T19:00:00Z
US Diplomatic Post: Jakarta Central,pm25,9.0,µg/m³,2016-02-02T20:00:00Z
US Diplomatic Post: Jakarta Central,pm25,18.0,µg/m³,2016-02-02T21:00:00Z
US Diplomatic Post: Jakarta Central,pm25,15.0,µg/m³,2016-02-02T22:00:00Z
US Diplomatic Post: Jakarta Central,pm25,2.0,µg/m³,2016-02-02T23:00:00Z
US Diplomatic Post: Jakarta Central,pm25,4.0,µg/m³,2016-02-03T00:00:00Z
US Diplomatic Post: Jakarta Central,pm25,4.0,µg/m³,2016-02-03T01:00:00Z
US Diplomatic Post: Jakarta Central,pm25,7.0,µg/m³,2016-02-03T02:00:00Z
US Diplomatic Post: Jakarta Central,pm25,3.0,µg/m³,2016-02-03T03:00:00Z
US Diplomatic Post: Jakarta Central,pm25,4.0,µg/m³,2016-02-03T04:00:00Z
Jakarta South,pm25,22.0,µg/m³,2022-10-03T20:00:00Z
Jakarta South,pm25,29.0,µg/m³,2022-10-03T21:00:00Z
Jakarta South,pm25,31.0,µg/m³,2022-10-03T22:00:00Z
Jakarta South,pm25,36.0,µg/m³,2022-10-03T23:00:00Z
Jakarta South,pm25,39.0,µg/m³,2022-10-04T00:00:00Z
Jakarta South,pm25,41.0,µg/m³,2022-10-04T01:00:00Z
Jakarta South,pm25,34.0,µg/m³,2022-10-04T02:00:00Z
Jakarta South,pm25,25.0,µg/m³,2022-10-04T03:00:00Z
Jakarta South,pm25,40.0,µg/m³,2022-10-04T04:00:00Z
Jakarta South,pm25,42.0,µg/m³,2022-10-04T05:00:00Z
Jakarta South,pm25,34.0,µg/m³,2022-10-04T06:00:00Z
Jakarta South,pm25,37.0,µg/m³,2022-10-04T07:00:00Z
Jakarta South,pm25,37.0,µg/m³,2022-10-04T08:00:00Z
Jakarta South,pm25,10.0,µg/m³,2022-10-04T09:00:00Z
Jakarta South,pm25,8.0,µg/m³,2022-10-04T10:00:00Z
Jakarta South,pm25,8.0,µg/m³,2022-10-04T11:00:00Z
Jakarta South,pm25,22.0,µg/m³,2022-10-04T12:00:00Z
Jakarta South,pm25,23.0,µg/m³,2022-10-04T13:00:00Z
Jakarta South,pm25,19.0,µg/m³,2022-10-04T14:00:00Z
Jakarta South,pm25,19.0,µg/m³,2022-10-04T15:00:00Z
Jakarta South,pm25,25.0,µg/m³,2022-10-04T16:00:00Z
Jakarta South,pm25,28.0,µg/m³,2022-10-04T17:00:00Z
Jakarta South,pm25,36.0,µg/m³,2022-10-04T18:00:00Z
Jakarta South,pm25,42.0,µg/m³,2022-10-04T19:00:00Z
Jakarta South,pm25,,µg/m³,2023-05-07T01:00:00Z
Jakarta South,pm25,,µg/m³,2023-05-07T02:00:00Z
Jakarta South,pm25,,µg/m³,2023-05-07T03:00:00Z
Jakarta South,pm25,,µg/m³,2023-05-07T04:00:00Z
Jakarta South,pm25,,µg/m³,2023-05-07T05:00:00Z
Jakarta South,pm25,,µg/m³,2023-05-07T06:00:00Z
Jakarta South,pm25,,µg/m³,2023-05-07T07:00:00Z
Jakarta South,pm25,,µg/m³,2023-05-07T08:00:00Z
Jakarta South,pm25,,µg/m³,2023-05-07T09:00:00Z
Jakarta South,pm25,,µg/m³,2023-05-07T10:00:00Z
Jakarta South,pm25,,µg/m³,2023-05-07T11:00:00Z
Jakarta South,pm25,,µg/m³,2023-05-07T12:00:00Z
Jakarta South,pm25,,µg/m³,2023-05-07T13:00:00Z
Jakarta South,pm25,,µg/m³,2023-05-07T14:00:00Z
Jakarta South,pm25,,µg/m³,2023-05-07T15:00:00Z
Jakarta South,pm25,,µg/m³,2023-05-07T16:00:00Z
Jakarta South,pm25,,µg/m³,2023-05-07T17:00:00Z
Jakarta South,pm25,,µg/m³,2023-05-07T18:00:00Z
Jakarta South,pm25,,µg/m³,2023-05-07T19:00:00Z
Jakarta South,pm25,,µg/m³,2023-05-07T20:00:00Z
Jakarta South,pm25,,µg/m³,2023-05-07T21:00:00Z
Jakarta South,pm25,,µg/m³,2023-05-07T22:00:00Z
Jakarta South,pm25,,µg/m³,2023-05-07T23:00:00Z
Jakarta South,pm25,,µg/m³,2023-05-08T00:00:00Z
Jakarta South,pm25,,µg/m³,2023-05-08T01:00:00Z
Jakarta South,pm25,,µg/m³,2023-05-08T02:00:00Z
Jakarta South,pm25,,µg/m³,2023-05-08T03:00:00Z
Jakarta South,pm25,,µg/m³,2023-05-08T04:00:00Z
Jakarta South,pm25,,µg/m³,2023-05-08T05:00:00Z
Jakarta South,pm25,,µg/m³,2023-05-08T06:00:00Z
Jakarta South,pm25,,µg/m³,2023-05-08T07:00:00Z
Jakarta South,pm25,,µg/m³,2023-05-08T14:00:00Z
Jakarta South,pm25,,µg/m³,2023-05-08T15:00:00Z
Jakarta South,pm25,,µg/m³,2023-05-08T16:00:00Z
Jakarta South,pm25,,µg/m³,2023-05-08T17:00:00Z
Jakarta South,pm25,,µg/m³,2023-05-08T18:00:00Z
Jakarta South,pm25,,µg/m³,2023-05-08T19:00:00Z
Jakarta South,pm25,,µg/m³,2023-05-08T20:00:00Z
Jakarta South,pm25,43.0,µg/m³,2023-05-08T21:00:00Z
Jakarta South,pm25,36.0,µg/m³,2023-05-08T22:00:00Z
Jakarta South,pm25,35.0,µg/m³,2023-05-08T23:00:00Z
Jakarta South,pm25,32.0,µg/m³,2023-05-09T00:00:00Z
Jakarta South,pm25,19.0,µg/m³,2023-05-09T01:00:00Z
Jakarta South,pm25,30.0,µg/m³,2023-05-09T02:00:00Z
Jakarta South,pm25,35.0,µg/m³,2023-05-09T03:00:00Z
Jakarta South,pm25,42.0,µg/m³,2023-05-09T04:00:00Z
Jakarta South,pm25,56.0,µg/m³,2023-05-09T05:00:00Z
Jakarta South,pm25,54.0,µg/m³,2023-05-09T06:00:00Z
Jakarta South,pm25,37.0,µg/m³,2023-05-09T07:00:00Z
Jakarta South,pm25,41.0,µg/m³,2023-05-09T08:00:00Z
Jakarta South,pm25,47.0,µg/m³,2023-05-09T09:00:00Z
Jakarta South,pm25,54.0,µg/m³,2023-05-09T10:00:00Z
Jakarta South,pm25,50.0,µg/m³,2023-05-09T11:00:00Z
Jakarta South,pm25,51.0,µg/m³,2023-05-09T12:00:00Z
Jakarta South,pm25,44.0,µg/m³,2023-05-09T13:00:00Z
Jakarta South,pm25,45.0,µg/m³,2023-05-09T14:00:00Z
Jakarta South,pm25,69.0,µg/m³,2023-05-09T15:00:00Z
Jakarta South,pm25,76.0,µg/m³,2023-05-09T16:00:00Z
Jakarta South,pm25,68.0,µg/m³,2023-05-09T17:00:00Z
Jakarta South,pm25,67.0,µg/m³,2023-05-09T18:00:00Z
Jakarta South,pm25,67.0,µg/m³,2023-05-09T19:00:00Z
Jakarta South,pm25,69.0,µg/m³,2023-05-09T20:00:00Z
Jakarta South,pm25,80.0,µg/m³,2023-05-09T21:00:00Z
Jakarta South,pm25,79.0,µg/m³,2023-05-09T22:00:00Z
Jakarta South,pm25,76.0,µg/m³,2023-05-09T23:00:00Z
Jakarta South,pm25,79.0,µg/m³,2023-05-10T00:00:00Z
Jakarta South,pm25,56.0,µg/m³,2023-05-10T01:00:00Z
Jakarta South,pm25,46.0,µg/m³,2023-05-10T02:00:00Z
Jakarta South,pm25,47.0,µg/m³,2023-05-10T03:00:00Z
Jakarta South,pm25,42.0,µg/m³,2023-05-10T04:00:00Z
Jakarta South,pm25,42.0,µg/m³,2023-05-10T05:00:00Z
Jakarta South,pm25,30.0,µg/m³,2023-05-10T06:00:00Z
Jakarta South,pm25,28.0,µg/m³,2023-05-10T07:00:00Z
Jakarta South,pm25,26.0,µg/m³,2023-05-10T08:00:00Z
Jakarta South,pm25,42.0,µg/m³,2023-05-10T09:00:00Z
Jakarta South,pm25,48.0,µg/m³,2023-05-10T10:00:00Z
Jakarta Central,pm25,30.4,µg/m³,2016-11-09T18:00:00Z
Jakarta Central,pm25,29.4,µg/m³,2016-11-09T19:00:00Z
Jakarta Central,pm25,29.9,µg/m³,2016-11-09T20:00:00Z
Jakarta Central,pm25,48.8,µg/m³,2016-11-09T21:00:00Z
Jakarta Central,pm25,54.5,µg/m³,2016-11-09T22:00:00Z
Jakarta Central,pm25,52.2,µg/m³,2016-11-09T23:00:00Z
Jakarta Central,pm25,54.6,µg/m³,2016-11-10T00:00:00Z
Jakarta Central,pm25,67.3,µg/m³,2016-11-10T01:00:00Z
Jakarta Central,pm25,76.1,µg/m³,2016-11-10T02:00:00Z
Jakarta Central,pm25,78.5,µg/m³,2016-11-10T03:00:00Z
Jakarta Central,pm25,70.8,µg/m³,2016-11-10T04:00:00Z
Jakarta Central,pm25,70.8,µg/m³,2016-11-10T05:00:00Z
Jakarta Central,pm25,,µg/m³,2016-11-10T06:00:00Z
Jakarta Central,pm25,,µg/m³,2016-11-10T07:00:00Z
Jakarta Central,pm25,,µg/m³,2016-11-10T08:00:00Z
Jakarta Central,pm25,,µg/m³,2016-11-10T09:00:00Z
Jakarta Central,pm25,,µg/m³,2016-11-10T10:00:00Z
Jakarta Central,pm25,,µg/m³,2016-11-10T11:00:00Z
Jakarta Central,pm25,21.9,µg/m³,2016-11-10T12:00:00Z
Jakarta Central,pm25,29.9,µg/m³,2016-11-10T13:00:00Z
Jakarta Central,pm25,37.9,µg/m³,2016-11-10T14:00:00Z
Jakarta Central,pm25,45.1,µg/m³,2016-11-10T15:00:00Z
Jakarta Central,pm25,49.6,µg/m³,2016-11-10T16:00:00Z
Jakarta Central,pm25,54.3,µg/m³,2016-11-10T17:00:00Z
Jakarta Central,pm25,53.1,µg/m³,2016-11-10T18:00:00Z
Jakarta Central,pm25,49.5,µg/m³,2016-11-10T19:00:00Z
Jakarta Central,pm25,53.2,µg/m³,2016-11-10T20:00:00Z
Jakarta Central,pm25,57.1,µg/m³,2016-11-10T21:00:00Z
Jakarta Central,pm25,57.0,µg/m³,2016-11-10T22:00:00Z
Jakarta Central,pm25,59.0,µg/m³,2016-11-10T23:00:00Z
Jakarta Central,pm25,58.6,µg/m³,2016-11-11T00:00:00Z
Jakarta Central,pm25,57.7,µg/m³,2016-11-11T01:00:00Z
Jakarta Central,pm25,57.5,µg/m³,2016-11-11T02:00:00Z
Jakarta Central,pm25,57.2,µg/m³,2016-11-11T03:00:00Z
Jakarta Central,pm25,55.4,µg/m³,2016-11-11T04:00:00Z
Jakarta Central,pm25,57.6,µg/m³,2016-11-11T05:00:00Z
Jakarta Central,pm25,59.5,µg/m³,2016-11-11T06:00:00Z
Jakarta Central,pm25,58.0,µg/m³,2016-11-11T07:00:00Z
Jakarta Central,pm25,54.0,µg/m³,2016-11-11T08:00:00Z
Jakarta Central,pm25,31.1,µg/m³,2016-11-11T09:00:00Z
Jakarta Central,pm25,18.5,µg/m³,2016-11-11T10:00:00Z
Jakarta Central,pm25,20.7,µg/m³,2016-11-11T11:00:00Z
Jakarta Central,pm25,21.3,µg/m³,2016-11-11T12:00:00Z
Jakarta Central,pm25,26.1,µg/m³,2016-11-11T13:00:00Z
Jakarta Central,pm25,31.0,µg/m³,2016-11-11T14:00:00Z
Jakarta Central,pm25,36.5,µg/m³,2016-11-11T15:00:00Z
Jakarta Central,pm25,43.2,µg/m³,2016-11-11T16:00:00Z
Jakarta Central,pm25,44.6,µg/m³,2016-11-11T17:00:00Z
Jakarta Central,pm25,38.8,µg/m³,2016-11-11T18:00:00Z
Jakarta Central,pm25,37.9,µg/m³,2016-11-11T19:00:00Z
Jakarta Central,pm25,38.9,µg/m³,2016-11-11T20:00:00Z
Jakarta Central,pm25,38.4,µg/m³,2016-11-11T21:00:00Z
Jakarta Central,pm25,38.2,µg/m³,2016-11-11T22:00:00Z
Jakarta Central,pm25,40.1,µg/m³,2016-11-11T23:00:00Z
Jakarta Central,pm25,40.6,µg/m³,2016-11-12T00:00:00Z
Jakarta Central,pm25,45.3,µg/m³,2016-11-12T01:00:00Z
Jakarta Central,pm25,51.8,µg/m³,2016-11-12T02:00:00Z
Jakarta Central,pm25,46.6,µg/m³,2016-11-12T03:00:00Z
Jakarta Central,pm25,43.7,µg/m³,2016-11-12T04:00:00Z
Jakarta Central,pm25,34.1,µg/m³,2016-11-12T05:00:00Z
Jakarta Central,pm25,35.5,µg/m³,2016-11-12T06:00:00Z
Jakarta Central,pm25,28.7,µg/m³,2016-11-12T07:00:00Z
Jakarta Central,pm25,25.8,µg/m³,2016-11-12T08:00:00Z
Jakarta Central,pm25,27.9,µg/m³,2016-11-12T09:00:00Z
Jakarta Central,pm25,22.9,µg/m³,2016-11-12T10:00:00Z
Jakarta Central,pm25,19.9,µg/m³,2016-11-12T11:00:00Z
Jakarta Central,pm25,17.4,µg/m³,2016-11-12T12:00:00Z
Jakarta Central,pm25,24.2,µg/m³,2016-11-12T13:00:00Z
Jakarta Central,pm25,28.1,µg/m³,2016-11-12T14:00:00Z
Jakarta Central,pm25,30.0,µg/m³,2016-11-12T15:00:00Z
Jakarta Central,pm25,30.0,µg/m³,2016-11-12T16:00:00Z
Jakarta Central,pm25,30.0,µg/m³,2016-11-12T17:00:00Z
Jakarta Central,pm25,31.5,µg/m³,2016-11-12T18:00:00Z
Jakarta Central,pm25,28.2,µg/m³,2016-11-12T19:00:00Z
Jakarta Central,pm25,29.6,µg/m³,2016-11-12T20:00:00Z
Jakarta Central,pm25,31.3,µg/m³,2016-11-12T21:00:00Z
Jakarta Central,pm25,32.1,µg/m³,2016-11-12T22:00:00Z
Jakarta Central,pm25,25.5,µg/m³,2016-11-12T23:00:00Z
Jakarta Central,pm25,21.5,µg/m³,2016-11-13T00:00:00Z
Jakarta Central,pm25,18.6,µg/m³,2016-11-13T01:00:00Z
Jakarta Central,pm25,18.8,µg/m³,2016-11-13T02:00:00Z
Jakarta Central,pm25,15.4,µg/m³,2016-11-13T03:00:00Z
Jakarta Central,pm25,16.2,µg/m³,2016-11-13T04:00:00Z
Jakarta Central,pm25,16.5,µg/m³,2016-11-13T05:00:00Z
Jakarta Central,pm25,21.2,µg/m³,2016-11-13T06:00:00Z
Jakarta Central,pm25,25.1,µg/m³,2016-11-13T07:00:00Z
Jakarta Central,pm25,25.0,µg/m³,2016-11-13T08:00:00Z
Jakarta Central,pm25,29.5,µg/m³,2016-11-13T09:00:00Z
Jakarta Central,pm25,23.2,µg/m³,2016-11-13T10:00:00Z
Jakarta Central,pm25,24.6,µg/m³,2016-11-13T11:00:00Z
Jakarta Central,pm25,14.3,µg/m³,2016-11-13T12:00:00Z
Jakarta Central,pm25,10.1,µg/m³,2016-11-13T13:00:00Z
Jakarta Central,pm25,16.0,µg/m³,2016-11-13T14:00:00Z
Jakarta Central,pm25,23.5,µg/m³,2016-11-13T15:00:00Z
Jakarta Central,pm25,26.2,µg/m³,2016-11-13T16:00:00Z
Jakarta Central,pm25,31.6,µg/m³,2016-11-13T17:00:00Z
Jakarta Central,pm25,33.8,µg/m³,2016-11-13T18:00:00Z
Jakarta Central,pm25,38.4,µg/m³,2016-11-13T19:00:00Z
Jakarta Central,pm25,40.2,µg/m³,2016-11-13T20:00:00Z
Jakarta Central,pm25,37.6,µg/m³,2016-11-13T21:00:00Z
Depok,pm25,40.66250133514404,µg/m³,2023-08-01T07:00:00Z
Depok,pm25,50.149999936421715,µg/m³,2023-08-03T06:00:00Z
Depok,pm25,57.666666666666664,µg/m³,2023-08-03T07:00:00Z
Depok,pm25,76.35000101725261,µg/m³,2023-08-03T09:00:00Z
Depok,pm25,75.70416768391927,µg/m³,2023-08-03T10:00:00Z
Depok,pm25,96.9958324432373,µg/m³,2023-08-03T11:00:00Z
Depok,pm25,95.8625005086263,µg/m³,2023-08-03T12:00:00Z
Depok,pm25,69.80416584014893,µg/m³,2023-08-03T13:00:00Z
Depok,pm25,75.52500089009602,µg/m³,2023-08-03T15:00:00Z
Depok,pm25,75.10000038146973,µg/m³,2023-08-03T16:00:00Z
Depok,pm25,97.66250038146973,µg/m³,2023-08-03T17:00:00Z
Depok,pm25,114.0583324432373,µg/m³,2023-08-03T18:00:00Z
Depok,pm25,101.86666679382324,µg/m³,2023-08-03T20:00:00Z
Depok,pm25,111.15416781107585,µg/m³,2023-08-03T21:00:00Z
Depok,pm25,92.87499936421712,µg/m³,2023-08-03T22:00:00Z
Depok,pm25,84.44583320617676,µg/m³,2023-08-03T23:00:00Z
Depok,pm25,107.59166653951009,µg/m³,2023-08-04T00:00:00Z
Depok,pm25,114.71250025431316,µg/m³,2023-08-04T01:00:00Z
Depok,pm25,104.3333346048991,µg/m³,2023-08-04T02:00:00Z
Depok,pm25,48.52916590372721,µg/m³,2023-08-05T12:00:00Z
Depok,pm25,51.02916717529297,µg/m³,2023-08-05T13:00:00Z
Depok,pm25,64.79166730244954,µg/m³,2023-08-05T14:00:00Z
Depok,pm25,78.4583346048991,µg/m³,2023-08-05T15:00:00Z
Depok,pm25,74.05833371480306,µg/m³,2023-08-05T17:00:00Z
Depok,pm25,76.72083409627278,µg/m³,2023-08-05T18:00:00Z
Depok,pm25,82.9958324432373,µg/m³,2023-08-05T19:00:00Z
Depok,pm25,75.86666552225749,µg/m³,2023-08-05T20:00:00Z
Depok,pm25,78.50833320617676,µg/m³,2023-08-05T21:00:00Z
Depok,pm25,93.36249860127766,µg/m³,2023-08-05T22:00:00Z
Depok,pm25,66.14999930063884,µg/m³,2023-08-06T00:00:00Z
Depok,pm25,73.09583282470703,µg/m³,2023-08-06T01:00:00Z
Depok,pm25,74.2624994913737,µg/m³,2023-08-06T02:00:00Z
Depok,pm25,78.83749961853027,µg/m³,2023-08-06T03:00:00Z
Depok,pm25,81.12916882832845,µg/m³,2023-08-06T04:00:00Z
Depok,pm25,66.50833320617676,µg/m³,2023-08-06T05:00:00Z
Depok,pm25,56.537500063578285,µg/m³,2023-08-06T06:00:00Z
Depok,pm25,51.31666692097982,µg/m³,2023-08-06T07:00:00Z
Depok,pm25,107.21666653951009,µg/m³,2023-08-06T10:00:00Z
Depok,pm25,153.6541659037272,µg/m³,2023-08-07T03:00:00Z
Depok,pm25,126.16250101725261,µg/m³,2023-08-07T04:00:00Z
Depok,pm25,107.00833257039388,µg/m³,2023-08-07T05:00:00Z
Depok,pm25,105.96666844685872,µg/m³,2023-08-07T06:00:00Z
Depok,pm25,99.29583231608073,µg/m³,2023-08-07T07:00:00Z
Depok,pm25,72.58750089009602,µg/m³,2023-08-07T08:00:00Z
Depok,pm25,88.40833282470703,µg/m³,2023-08-07T09:00:00Z
Depok,pm25,103.67500114440918,µg/m³,2023-08-07T10:00:00Z
Depok,pm25,67.0458329518636,µg/m³,2023-08-07T13:00:00Z
Depok,pm25,107.17916679382324,µg/m³,2023-08-07T15:00:00Z
Depok,pm25,102.29583485921223,µg/m³,2023-08-07T16:00:00Z
Depok,pm25,72.32499885559082,µg/m³,2023-08-07T17:00:00Z
Depok,pm25,110.09583155314128,µg/m³,2023-08-08T02:00:00Z
Depok,pm25,105.37916692097981,µg/m³,2023-08-08T03:00:00Z
Depok,pm25,77.83750057220459,µg/m³,2023-08-08T04:00:00Z
Depok,pm25,65.71250025431316,µg/m³,2023-08-08T05:00:00Z
Depok,pm25,73.45416641235352,µg/m³,2023-08-08T06:00:00Z
Depok,pm25,48.95833269755045,µg/m³,2023-08-08T07:00:00Z
Depok,pm25,47.07500012715658,µg/m³,2023-08-08T08:00:00Z
Depok,pm25,48.27916653951009,µg/m³,2023-08-08T09:00:00Z
Depok,pm25,40.00000031789144,µg/m³,2023-08-08T10:00:00Z
Depok,pm25,26.008333047231037,µg/m³,2023-08-08T11:00:00Z
Depok,pm25,27.104166984558105,µg/m³,2023-08-08T12:00:00Z
Depok,pm25,23.166666507720947,µg/m³,2023-08-08T13:00:00Z
Depok,pm25,41.09583409627279,µg/m³,2023-08-08T14:00:00Z
Depok,pm25,60.52916717529297,µg/m³,2023-08-08T15:00:00Z
Depok,pm25,74.6772724498402,µg/m³,2023-08-09T18:00:00Z
Depok,pm25,73.47916666666667,µg/m³,2023-08-09T19:00:00Z
Depok,pm25,88.4375,µg/m³,2023-08-10T16:00:00Z
Depok,pm25,98.90000025431316,µg/m³,2023-08-10T18:00:00Z
Depok,pm25,99.64166768391927,µg/m³,2023-08-10T19:00:00Z
Depok,pm25,91.11249860127766,µg/m³,2023-08-10T20:00:00Z
Depok,pm25,109.08333269755046,µg/m³,2023-08-10T21:00:00Z
Depok,pm25,116.57916641235352,µg/m³,2023-08-10T22:00:00Z
Depok,pm25,106.1416670481364,µg/m³,2023-08-11T00:00:00Z
Depok,pm25,119.36666806538899,µg/m³,2023-08-11T01:00:00Z
Depok,pm25,94.12916628519694,µg/m³,2023-08-11T02:00:00Z
Depok,pm25,76.06249936421712,µg/m³,2023-08-11T03:00:00Z
Depok,pm25,81.10416730244954,µg/m³,2023-08-11T04:00:00Z
Depok,pm25,87.59166717529297,µg/m³,2023-08-11T06:00:00Z
Depok,pm25,93.68749936421712,µg/m³,2023-08-11T07:00:00Z
Depok,pm25,91.70416577657063,µg/m³,2023-08-11T08:00:00Z
Depok,pm25,86.96666844685872,µg/m³,2023-08-11T09:00:00Z
Depok,pm25,64.75000063578288,µg/m³,2023-08-11T10:00:00Z
Depok,pm25,63.387499491373696,µg/m³,2023-08-11T11:00:00Z
Depok,pm25,110.28333346048991,µg/m³,2023-08-11T18:00:00Z
Depok,pm25,105.07083257039388,µg/m³,2023-08-11T19:00:00Z
Depok,pm25,105.45833333333333,µg/m³,2023-08-11T20:00:00Z
Depok,pm25,116.04166475931804,µg/m³,2023-08-11T22:00:00Z
Depok,pm25,110.8791675567627,µg/m³,2023-08-11T23:00:00Z
Depok,pm25,118.91666475931804,µg/m³,2023-08-12T00:00:00Z
Depok,pm25,141.9124984741211,µg/m³,2023-08-12T01:00:00Z
Depok,pm25,104.57916641235352,µg/m³,2023-08-12T02:00:00Z
Depok,pm25,91.89583333333333,µg/m³,2023-08-12T03:00:00Z
Depok,pm25,70.46249961853027,µg/m³,2023-08-12T04:00:00Z
Depok,pm25,72.57499885559082,µg/m³,2023-08-12T05:00:00Z
Depok,pm25,74.20833396911621,µg/m³,2023-08-12T06:00:00Z
Depok,pm25,76.1583309173584,µg/m³,2023-08-12T07:00:00Z
Depok,pm25,71.28333377838135,µg/m³,2023-08-12T08:00:00Z
Depok,pm25,54.82500044504801,µg/m³,2023-08-12T09:00:00Z
Depok,pm25,43.29583263397217,µg/m³,2023-08-12T10:00:00Z
Depok,pm25,45.6875,µg/m³,2023-08-12T11:00:00Z
Depok,pm10,28.40000057220459,µg/m³,2024-07-08T05:00:00Z
Depok,pm10,29.075000286102295,µg/m³,2024-07-08T06:00:00Z
Depok,pm10,34.40178541703658,µg/m³,2024-07-08T07:00:00Z
Depok,pm10,59.71413707733154,µg/m³,2024-07-08T08:00:00Z
Depok,pm10,54.14955361684164,µg/m³,2024-07-08T09:00:00Z
Depok,pm10,55.458482106526695,µg/m³,2024-07-08T10:00:00Z
Depok,pm10,53.931845347086586,µg/m³,2024-07-08T11:00:00Z
Depok,pm10,42.295833110809326,µg/m³,2024-07-08T12:00:00Z
Depok,pm10,26.323660850524902,µg/m³,2024-07-08T13:00:00Z
Depok,pm10,29.258482297261555,µg/m³,2024-07-08T14:00:00Z
Depok,pm10,45.46755917867025,µg/m³,2024-07-08T15:00:00Z
Depok,pm10,54.64404773712158,µg/m³,2024-07-08T16:00:00Z
Depok,pm10,62.033631324768066,µg/m³,2024-07-08T17:00:00Z
Depok,pm10,66.24389839172363,µg/m³,2024-07-08T18:00:00Z
Depok,pm10,64.43005816141765,µg/m³,2024-07-08T19:00:00Z
Depok,pm10,61.02619012196859,µg/m³,2024-07-08T20:00:00Z
Depok,pm10,44.7738094329834,µg/m³,2024-07-08T21:00:00Z
Depok,pm10,32.10238107045492,µg/m³,2024-07-08T22:00:00Z
Depok,pm10,40.829464276631676,µg/m³,2024-07-08T23:00:00Z
Depok,pm10,59.530357678731285,µg/m³,2024-07-09T00:00:00Z
Depok,pm10,61.00029722849528,µg/m³,2024-07-09T01:00:00Z
Depok,pm10,59.48392868041992,µg/m³,2024-07-09T02:00:00Z
Depok,pm10,67.17946529388428,µg/m³,2024-07-09T03:00:00Z
Depok,pm10,60.28898779551188,µg/m³,2024-07-09T04:00:00Z
Depok,pm10,63.52172597249349,µg/m³,2024-07-09T05:00:00Z
Depok,pm10,64.60684458414714,µg/m³,2024-07-09T06:00:00Z
Depok,pm10,66.54151725769043,µg/m³,2024-07-09T07:00:00Z
Depok,pm10,63.910417238871254,µg/m³,2024-07-09T08:00:00Z
Depok,pm10,59.21889845530192,µg/m³,2024-07-09T09:00:00Z
Depok,pm10,58.52723185221354,µg/m³,2024-07-09T10:00:00Z
Depok,pm10,72.48407745361328,µg/m³,2024-07-09T11:00:00Z
Depok,pm10,76.18541717529297,µg/m³,2024-07-09T12:00:00Z
Depok,pm10,94.40863037109375,µg/m³,2024-07-09T13:00:00Z
Depok,pm10,110.38660685221355,µg/m³,2024-07-09T14:00:00Z
Depok,pm10,111.87112998962402,µg/m³,2024-07-09T15:00:00Z
Depok,pm10,90.81056467692058,µg/m³,2024-07-09T16:00:00Z
Depok,pm10,81.93526776631673,µg/m³,2024-07-09T17:00:00Z
Depok,pm10,74.0486609141032,µg/m³,2024-07-09T18:00:00Z
Depok,pm10,68.95982106526692,µg/m³,2024-07-09T19:00:00Z
Depok,pm10,69.22485097249348,µg/m³,2024-07-09T20:00:00Z
Depok,pm10,68.4160722096761,µg/m³,2024-07-09T21:00:00Z
Depok,pm10,60.46636962890625,µg/m³,2024-07-09T22:00:00Z
Depok,pm10,57.200446128845215,µg/m³,2024-07-09T23:00:00Z
Depok,pm10,85.2293160756429,µg/m³,2024-07-10T00:00:00Z
Depok,pm10,109.12767855326335,µg/m³,2024-07-10T01:00:00Z
Depok,pm10,99.60669581095378,µg/m³,2024-07-10T02:00:00Z
Depok,pm10,78.28913720448811,µg/m³,2024-07-10T03:00:00Z
Depok,pm10,61.01026725769043,µg/m³,2024-07-10T04:00:00Z
Depok,pm10,64.15029811859131,µg/m³,2024-07-10T05:00:00Z
Depok,pm10,67.12217203776042,µg/m³,2024-07-10T08:00:00Z
Depok,pm10,64.867857615153,µg/m³,2024-07-10T09:00:00Z
Depok,pm10,65.67351214090984,µg/m³,2024-07-10T10:00:00Z
Depok,pm10,100.50863138834636,µg/m³,2024-07-10T11:00:00Z
Depok,pm10,85.05134010314941,µg/m³,2024-07-10T17:00:00Z
Depok,pm10,89.76622009277344,µg/m³,2024-07-10T18:00:00Z
Depok,pm10,76.75237973531087,µg/m³,2024-07-10T19:00:00Z
Depok,pm10,77.8194948832194,µg/m³,2024-07-10T20:00:00Z
Depok,pm10,69.3537203470866,µg/m³,2024-07-10T21:00:00Z
Depok,pm10,67.77574412027995,µg/m³,2024-07-10T22:00:00Z
Depok,pm10,62.284820874532066,µg/m³,2024-07-10T23:00:00Z
Depok,pm10,67.11383883158366,µg/m³,2024-07-11T00:00:00Z
Depok,pm10,81.74613126118977,µg/m³,2024-07-11T01:00:00Z
Depok,pm10,69.29251162211101,µg/m³,2024-07-11T02:00:00Z
Depok,pm10,60.80156230926514,µg/m³,2024-07-11T03:00:00Z
Depok,pm10,58.64623399214311,µg/m³,2024-07-11T04:00:00Z
Depok,pm10,50.294344902038574,µg/m³,2024-07-11T05:00:00Z
Depok,pm10,61.39211336771647,µg/m³,2024-07-11T06:00:00Z
Depok,pm10,65.49821535746257,µg/m³,2024-07-11T07:00:00Z
Depok,pm10,72.63229115804036,µg/m³,2024-07-11T08:00:00Z
Depok,pm10,86.70624987284343,µg/m³,2024-07-11T09:00:00Z
Depok,pm10,95.21592267354329,µg/m³,2024-07-11T10:00:00Z
Depok,pm10,105.54196421305339,µg/m³,2024-07-11T11:00:00Z
Depok,pm10,112.30193519592285,µg/m³,2024-07-11T12:00:00Z
Depok,pm10,119.14196395874023,µg/m³,2024-07-11T13:00:00Z
Depok,pm10,133.4933032989502,µg/m³,2024-07-11T14:00:00Z
Depok,pm10,107.97753016153972,µg/m³,2024-07-11T15:00:00Z
Depok,pm10,101.62633895874023,µg/m³,2024-07-11T16:00:00Z
Depok,pm10,161.65416463216147,µg/m³,2024-07-11T17:00:00Z
Depok,pm10,161.20982106526694,µg/m³,2024-07-11T18:00:00Z
Depok,pm10,134.90595245361328,µg/m³,2024-07-11T19:00:00Z
Depok,pm10,113.61562474568684,µg/m³,2024-07-11T20:00:00Z
Depok,pm10,83.04657808939616,µg/m³,2024-07-11T21:00:00Z
Depok,pm10,69.4941972096761,µg/m³,2024-07-11T22:00:00Z
Depok,pm10,79.32827377319336,µg/m³,2024-07-12T01:00:00Z
Depok,pm10,94.367857615153,µg/m³,2024-07-12T02:00:00Z
Depok,pm10,88.52842267354329,µg/m³,2024-07-12T03:00:00Z
Depok,pm10,82.6239579518636,µg/m³,2024-07-12T04:00:00Z
Depok,pm10,70.01235135396321,µg/m³,2024-07-12T05:00:00Z
Depok,pm10,67.02857271830241,µg/m³,2024-07-12T06:00:00Z
Depok,pm10,66.58958307902019,µg/m³,2024-07-12T07:00:00Z
Depok,pm10,67.8361603418986,µg/m³,2024-07-12T08:00:00Z
Depok,pm10,70.47961362202962,µg/m³,2024-07-12T09:00:00Z
Depok,pm10,78.32619031270345,µg/m³,2024-07-12T10:00:00Z
Depok,pm10,95.07455444335938,µg/m³,2024-07-12T11:00:00Z
Depok,pm10,74.95227258855647,µg/m³,2024-07-12T12:00:00Z
Depok,pm10,83.49330393473308,µg/m³,2024-07-12T13:00:00Z
Depok,pm10,152.6974998474121,µg/m³,2024-07-12T14:00:00Z
Depok,pm10,174.06392669677734,µg/m³,2024-07-12T15:00:00Z
Depok,pm10,189.4074420928955,µg/m³,2024-07-12T16:00:00Z
Depok,pm10,154.70193417867026,µg/m³,2024-07-12T17:00:00Z
Qoryah Darussalam,pm10,63.5514882405599,µg/m³,2024-03-06T17:00:00Z
Qoryah Darussalam,pm10,63.31547578175863,µg/m³,2024-03-06T18:00:00Z
Qoryah Darussalam,pm10,51.05119069417318,µg/m³,2024-03-06T19:00:00Z
Qoryah Darussalam,pm10,36.99982109069824,µg/m³,2024-03-06T20:00:00Z
Qoryah Darussalam,pm10,22.91428565979004,µg/m³,2024-03-06T21:00:00Z
Qoryah Darussalam,pm10,12.028571128845215,µg/m³,2024-03-06T22:00:00Z
Qoryah Darussalam,pm10,25.200000762939453,µg/m³,2024-03-06T23:00:00Z
Qoryah Darussalam,pm10,30.200000762939453,µg/m³,2024-03-07T00:00:00Z
Qoryah Darussalam,pm10,35.01250076293945,µg/m³,2024-03-07T01:00:00Z
Qoryah Darussalam,pm10,47.17499923706055,µg/m³,2024-03-07T02:00:00Z
Qoryah Darussalam,pm10,17.05714225769043,µg/m³,2024-03-07T03:00:00Z
Qoryah Darussalam,pm10,11.385714530944824,µg/m³,2024-03-07T04:00:00Z
Qoryah Darussalam,pm10,22.85714340209961,µg/m³,2024-03-07T05:00:00Z
Qoryah Darussalam,pm10,16.27142906188965,µg/m³,2024-03-07T06:00:00Z
Qoryah Darussalam,pm10,15.671428680419922,µg/m³,2024-03-07T07:00:00Z
Qoryah Darussalam,pm10,10.887499809265137,µg/m³,2024-03-07T08:00:00Z
Qoryah Darussalam,pm10,15.686606963475546,µg/m³,2024-03-07T09:00:00Z
Qoryah Darussalam,pm10,33.20000076293945,µg/m³,2024-03-07T10:00:00Z
Qoryah Darussalam,pm10,29.962499618530273,µg/m³,2024-03-07T11:00:00Z
Qoryah Darussalam,pm10,46.5,µg/m³,2024-03-07T12:00:00Z
Qoryah Darussalam,pm10,66.84285736083984,µg/m³,2024-03-07T13:00:00Z
Qoryah Darussalam,pm10,10.300000190734863,µg/m³,2024-03-07T14:00:00Z
Qoryah Darussalam,pm10,7.028571605682373,µg/m³,2024-03-07T15:00:00Z
Qoryah Darussalam,pm10,6.550000190734863,µg/m³,2024-03-07T16:00:00Z
Qoryah Darussalam,pm10,8.557143211364746,µg/m³,2024-03-07T17:00:00Z
Qoryah Darussalam,pm10,6.493750015894572,µg/m³,2024-03-07T18:00:00Z
Qoryah Darussalam,pm10,2.142559523383776,µg/m³,2024-03-07T19:00:00Z
Qoryah Darussalam,pm10,0.7931547686457634,µg/m³,2024-03-07T20:00:00Z
Qoryah Darussalam,pm10,0.7750000357627869,µg/m³,2024-03-07T21:00:00Z
Qoryah Darussalam,pm10,6.528571605682373,µg/m³,2024-03-07T22:00:00Z
Qoryah Darussalam,pm10,0.34285715222358704,µg/m³,2024-03-07T23:00:00Z
Qoryah Darussalam,pm10,79.34583282470703,µg/m³,2024-03-09T18:00:00Z
Qoryah Darussalam,pm10,74.28809483846028,µg/m³,2024-03-09T19:00:00Z
Qoryah Darussalam,pm10,68.97336260477702,µg/m³,2024-03-09T20:00:00Z
Qoryah Darussalam,pm10,62.26904741923014,µg/m³,2024-03-09T21:00:00Z
Qoryah Darussalam,pm10,55.62425581614176,µg/m³,2024-03-09T22:00:00Z
Qoryah Darussalam,pm10,55.19761943817139,µg/m³,2024-03-09T23:00:00Z
Qoryah Darussalam,pm10,57.49151802062988,µg/m³,2024-03-10T00:00:00Z
Qoryah Darussalam,pm10,100.19255956013997,µg/m³,2024-03-10T01:00:00Z
Qoryah Darussalam,pm10,92.85595194498698,µg/m³,2024-03-10T02:00:00Z
Qoryah Darussalam,pm10,61.440476735432945,µg/m³,2024-03-10T03:00:00Z
Qoryah Darussalam,pm10,69.72380860646565,µg/m³,2024-03-10T04:00:00Z
Qoryah Darussalam,pm10,65.70967260996501,µg/m³,2024-03-10T05:00:00Z
Qoryah Darussalam,pm10,42.653720696767174,µg/m³,2024-03-10T06:00:00Z
Qoryah Darussalam,pm10,39.91562525431315,µg/m³,2024-03-10T07:00:00Z
Qoryah Darussalam,pm10,48.8319943745931,µg/m³,2024-03-10T08:00:00Z
Qoryah Darussalam,pm10,50.35758908589681,µg/m³,2024-03-10T09:00:00Z
Qoryah Darussalam,pm10,54.3711306254069,µg/m³,2024-03-10T10:00:00Z
Qoryah Darussalam,pm10,86.1252981821696,µg/m³,2024-03-10T14:00:00Z
Qoryah Darussalam,pm10,120.66681480407715,µg/m³,2024-03-10T15:00:00Z
Qoryah Darussalam,pm10,112.42782783508301,µg/m³,2024-03-10T16:00:00Z
Qoryah Darussalam,pm10,110.50029754638672,µg/m³,2024-03-10T17:00:00Z
Qoryah Darussalam,pm10,109.29955291748047,µg/m³,2024-03-10T18:00:00Z
Qoryah Darussalam,pm10,106.22306569417317,µg/m³,2024-03-10T19:00:00Z
Qoryah Darussalam,pm10,116.41547584533691,µg/m³,2024-03-10T20:00:00Z
Qoryah Darussalam,pm10,109.36220232645671,µg/m³,2024-03-10T21:00:00Z
Qoryah Darussalam,pm10,81.23452353477478,µg/m³,2024-03-10T22:00:00Z
Qoryah Darussalam,pm10,21.114137093226116,µg/m³,2024-03-10T23:00:00Z
Qoryah Darussalam,pm10,18.456398884455364,µg/m³,2024-03-11T00:00:00Z
Qoryah Darussalam,pm10,29.316815694173176,µg/m³,2024-03-11T01:00:00Z
Qoryah Darussalam,pm10,47.534671783447266,µg/m³,2024-03-11T02:00:00Z
Qoryah Darussalam,pm10,45.50669638315836,µg/m³,2024-03-11T03:00:00Z
Qoryah Darussalam,pm10,30.360565503438313,µg/m³,2024-03-11T04:00:00Z
Qoryah Darussalam,pm10,31.770088990529377,µg/m³,2024-03-11T05:00:00Z
Qoryah Darussalam,pm10,30.715774218241375,µg/m³,2024-03-11T06:00:00Z
Qoryah Darussalam,pm10,33.84196472167969,µg/m³,2024-03-11T07:00:00Z
Qoryah Darussalam,pm10,36.63214302062988,µg/m³,2024-03-11T08:00:00Z
Qoryah Darussalam,pm10,38.64464314778646,µg/m³,2024-03-11T09:00:00Z
Qoryah Darussalam,pm10,38.94953556060791,µg/m³,2024-03-11T10:00:00Z
Qoryah Darussalam,pm10,44.6136900583903,µg/m³,2024-03-11T11:00:00Z
Qoryah Darussalam,pm10,76.24538644154866,µg/m³,2024-03-11T12:00:00Z
Qoryah Darussalam,pm10,66.10223356882732,µg/m³,2024-03-11T14:00:00Z
Qoryah Darussalam,pm10,53.82529799143473,µg/m³,2024-03-11T15:00:00Z
Qoryah Darussalam,pm10,57.261459032694496,µg/m³,2024-03-11T16:00:00Z
Qoryah Darussalam,pm10,59.319196701049805,µg/m³,2024-03-11T17:00:00Z
Qoryah Darussalam,pm10,67.477232615153,µg/m³,2024-03-13T21:00:00Z
Qoryah Darussalam,pm10,53.3409226735433,µg/m³,2024-03-13T22:00:00Z
Qoryah Darussalam,pm10,50.10074424743652,µg/m³,2024-03-13T23:00:00Z
Qoryah Darussalam,pm10,42.950743993123375,µg/m³,2024-03-14T13:00:00Z
Qoryah Darussalam,pm10,53.198065439860024,µg/m³,2024-03-14T14:00:00Z
Qoryah Darussalam,pm10,53.87157726287842,µg/m³,2024-03-14T15:00:00Z
Qoryah Darussalam,pm10,33.8511905670166,µg/m³,2024-03-14T17:00:00Z
Qoryah Darussalam,pm10,21.84002987543742,µg/m³,2024-03-14T18:00:00Z
Qoryah Darussalam,pm10,22.789880911509197,µg/m³,2024-03-14T19:00:00Z
Qoryah Darussalam,pm10,29.450446764628094,µg/m³,2024-03-15T01:00:00Z
Qoryah Darussalam,pm10,32.07232137521108,µg/m³,2024-03-15T02:00:00Z
Qoryah Darussalam,pm10,5.9845238129297895,µg/m³,2024-03-15T03:00:00Z
Qoryah Darussalam,pm10,10.149702390034994,µg/m³,2024-03-15T05:00:00Z
Qoryah Darussalam,pm10,9.298214435577393,µg/m³,2024-03-15T06:00:00Z
Qoryah Darussalam,pm10,11.655208190282186,µg/m³,2024-03-15T07:00:00Z
Qoryah Darussalam,pm10,16.448065598805744,µg/m³,2024-03-15T08:00:00Z
Qoryah Darussalam,pm10,21.90238110224406,µg/m³,2024-03-15T09:00:00Z
Qoryah Darussalam,pm10,29.137648900349934,µg/m³,2024-03-15T10:00:00Z
Qoryah Darussalam,pm10,27.058332920074463,µg/m³,2024-03-15T11:00:00Z
Qoryah Darussalam,pm10,15.768750031789144,µg/m³,2024-03-15T12:00:00Z
Qoryah Darussalam,pm10,23.757142702738445,µg/m³,2024-03-15T13:00:00Z
Qoryah Darussalam,pm10,30.888392607371014,µg/m³,2024-03-15T14:00:00Z
Qoryah Darussalam,pm10,39.48616075515747,µg/m³,2024-03-15T15:00:00Z
Qoryah Darussalam,pm10,23.592410643895466,µg/m³,2024-03-15T16:00:00Z
Qoryah Darussalam,pm10,11.477827509244284,µg/m³,2024-03-15T17:00:00Z
Qoryah Darussalam,pm10,1.252380944788456,µg/m³,2024-03-07T23:00:00Z
Qoryah Darussalam,pm10,11.399107257525126,µg/m³,2024-03-08T00:00:00Z
Qoryah Darussalam,pm10,35.5113091468811,µg/m³,2024-03-08T01:00:00Z
Qoryah Darussalam,pm10,34.98154830932617,µg/m³,2024-03-08T02:00:00Z
Qoryah Darussalam,pm10,23.75565505027771,µg/m³,2024-03-08T03:00:00Z
Qoryah Darussalam,pm10,10.708333253860474,µg/m³,2024-03-08T04:00:00Z
Qoryah Darussalam,pm10,10.272619088490805,µg/m³,2024-03-08T05:00:00Z
Qoryah Darussalam,pm10,5.92961311340332,µg/m³,2024-03-08T06:00:00Z
Qoryah Darussalam,pm10,7.625297665596008,µg/m³,2024-03-08T07:00:00Z
Qoryah Darussalam,pm10,10.030357122421265,µg/m³,2024-03-08T08:00:00Z
Qoryah Darussalam,pm10,15.137202262878418,µg/m³,2024-03-08T09:00:00Z
Qoryah Darussalam,pm10,22.51592246691386,µg/m³,2024-03-08T10:00:00Z
Qoryah Darussalam,pm10,37.72053575515747,µg/m³,2024-03-08T11:00:00Z
Qoryah Darussalam,pm10,23.029315789540608,µg/m³,2024-03-08T12:00:00Z
Qoryah Darussalam,pm10,24.744791666666668,µg/m³,2024-03-08T13:00:00Z
Qoryah Darussalam,pm10,19.903868834177654,µg/m³,2024-03-08T14:00:00Z
Qoryah Darussalam,pm10,17.89241075515747,µg/m³,2024-03-08T15:00:00Z
Qoryah Darussalam,pm10,14.519940455754599,µg/m³,2024-03-08T16:00:00Z
Qoryah Darussalam,pm10,10.179017941157023,µg/m³,2024-03-08T17:00:00Z
Qoryah Darussalam,pm10,16.2029763062795,µg/m³,2024-03-08T18:00:00Z
Qoryah Darussalam,pm10,15.140178759892782,µg/m³,2024-03-08T19:00:00Z
Qoryah Darussalam,pm10,12.877678553263346,µg/m³,2024-03-08T20:00:00Z
Qoryah Darussalam,pm10,21.902827262878418,µg/m³,2024-03-08T21:00:00Z
Qoryah Darussalam,pm10,25.283928553263348,µg/m³,2024-03-08T22:00:00Z
Qoryah Darussalam,pm10,21.913541475931805,µg/m³,2024-03-08T23:00:00Z
Qoryah Darussalam,pm10,15.584523916244507,µg/m³,2024-03-09T00:00:00Z
Qoryah Darussalam,pm10,11.04508932431539,µg/m³,2024-03-09T01:00:00Z
Qoryah Darussalam,pm10,12.999851067860922,µg/m³,2024-03-09T02:00:00Z
Qoryah Darussalam,pm10,12.20104161898295,µg/m³,2024-03-09T03:00:00Z
Qoryah Darussalam,pm10,19.081944624582928,µg/m³,2024-03-09T04:00:00Z
Qoryah Darussalam,pm10,22.590625286102295,µg/m³,2024-03-09T05:00:00Z
Qoryah Darussalam,pm10,16.397767941157024,µg/m³,2024-03-09T06:00:00Z
Qoryah Darussalam,pm10,21.37485122680664,µg/m³,2024-03-09T07:00:00Z
Qoryah Darussalam,pm10,23.871726195017498,µg/m³,2024-03-09T08:00:00Z
Qoryah Darussalam,pm10,42.40491040547689,µg/m³,2024-03-09T09:00:00Z
Qoryah Darussalam,pm10,39.161458333333336,µg/m³,2024-03-09T10:00:00Z
Qoryah Darussalam,pm10,74.4825890858968,µg/m³,2024-03-09T11:00:00Z
Qoryah Darussalam,pm10,83.53496996561687,µg/m³,2024-03-09T12:00:00Z
Qoryah Darussalam,pm10,77.8537203470866,µg/m³,2024-03-09T13:00:00Z
Qoryah Darussalam,pm10,103.56473159790039,µg/m³,2024-03-09T14:00:00Z
Qoryah Darussalam,pm10,121.03868993123372,µg/m³,2024-03-09T15:00:00Z
Qoryah Darussalam,pm10,119.65759023030598,µg/m³,2024-03-09T16:00:00Z
Qoryah Darussalam,pm10,91.77351188659668,µg/m³,2024-03-09T17:00:00Z
Qoryah Darussalam,pm10,79.34583282470703,µg/m³,2024-03-09T18:00:00Z
Qoryah Darussalam,pm10,74.28809483846028,µg/m³,2024-03-09T19:00:00Z
Qoryah Darussalam,pm25,31.10000006357829,µg/m³,2023-09-12T10:00:00Z
Qoryah Darussalam,pm25,36.329166412353516,µg/m³,2023-09-12T11:00:00Z
Qoryah Darussalam,pm25,42.61666679382324,µg/m³,2023-09-12T12:00:00Z
Qoryah Darussalam,pm25,45.77499961853027,µg/m³,2023-09-12T13:00:00Z
Qoryah Darussalam,pm25,51.91666603088379,µg/m³,2023-09-12T14:00:00Z
Qoryah Darussalam,pm25,58.850000063578285,µg/m³,2023-09-12T15:00:00Z
Qoryah Darussalam,pm25,66.77916717529297,µg/m³,2023-09-12T16:00:00Z
Qoryah Darussalam,pm25,84.1416670481364,µg/m³,2023-09-12T17:00:00Z
Qoryah Darussalam,pm25,89.64999961853027,µg/m³,2023-09-12T18:00:00Z
Qoryah Darussalam,pm25,66.78750006357829,µg/m³,2023-09-12T19:00:00Z
Qoryah Darussalam,pm25,54.29583326975504,µg/m³,2023-09-12T20:00:00Z
Qoryah Darussalam,pm25,54.66249974568685,µg/m³,2023-09-12T21:00:00Z
Qoryah Darussalam,pm25,57.3666664759318,µg/m³,2023-09-12T23:00:00Z
Qoryah Darussalam,pm25,64.47083282470703,µg/m³,2023-09-13T00:00:00Z
Qoryah Darussalam,pm25,57.95000012715658,µg/m³,2023-09-13T01:00:00Z
Qoryah Darussalam,pm25,56.60000038146973,µg/m³,2023-09-13T02:00:00Z
Qoryah Darussalam,pm25,67.11249923706055,µg/m³,2023-09-13T03:00:00Z
Qoryah Darussalam,pm25,58.40833346048991,µg/m³,2023-09-13T04:00:00Z
Qoryah Darussalam,pm25,62.07500076293945,µg/m³,2023-09-13T05:00:00Z
Qoryah Darussalam,pm25,60.91666571299235,µg/m³,2023-09-13T06:00:00Z
Qoryah Darussalam,pm25,71.14166641235352,µg/m³,2023-09-13T07:00:00Z
Qoryah Darussalam,pm25,70.25833447774251,µg/m³,2023-09-13T08:00:00Z
Qoryah Darussalam,pm25,55.73750019073486,µg/m³,2023-09-13T09:00:00Z
Qoryah Darussalam,pm25,50.708333333333336,µg/m³,2023-09-13T10:00:00Z
Qoryah Darussalam,pm25,50.23749987284342,µg/m³,2023-09-13T11:00:00Z
Qoryah Darussalam,pm25,45.041666666666664,µg/m³,2023-09-13T12:00:00Z
Qoryah Darussalam,pm25,49.64583396911621,µg/m³,2023-09-13T13:00:00Z
Qoryah Darussalam,pm25,63.204166412353516,µg/m³,2023-09-13T15:00:00Z
Qoryah Darussalam,pm25,61.45416673024496,µg/m³,2023-09-13T16:00:00Z
Qoryah Darussalam,pm25,37.34166685740153,µg/m³,2023-09-13T18:00:00Z
Qoryah Darussalam,pm25,35.6875,µg/m³,2023-09-13T19:00:00Z
Qoryah Darussalam,pm25,33.55000082651774,µg/m³,2023-09-13T20:00:00Z
Qoryah Darussalam,pm25,33.65416685740153,µg/m³,2023-09-13T21:00:00Z
Qoryah Darussalam,pm25,33.25416564941406,µg/m³,2023-09-13T22:00:00Z
Qoryah Darussalam,pm25,36.212499936421715,µg/m³,2023-09-13T23:00:00Z
Qoryah Darussalam,pm25,41.39999961853027,µg/m³,2023-09-14T00:00:00Z
Qoryah Darussalam,pm25,53.183332761128746,µg/m³,2023-09-14T01:00:00Z
Qoryah Darussalam,pm25,49.337499936421715,µg/m³,2023-09-14T02:00:00Z
Qoryah Darussalam,pm25,46.00833320617676,µg/m³,2023-09-14T03:00:00Z
Qoryah Darussalam,pm25,48.566665967305504,µg/m³,2023-09-14T04:00:00Z
Qoryah Darussalam,pm25,46.99166615804037,µg/m³,2023-09-14T06:00:00Z
Qoryah Darussalam,pm25,53.86666615804037,µg/m³,2023-09-14T07:00:00Z
Qoryah Darussalam,pm25,56.29166634877523,µg/m³,2023-09-14T08:00:00Z
Qoryah Darussalam,pm25,54.916666666666664,µg/m³,2023-09-14T09:00:00Z
Qoryah Darussalam,pm25,58.291666984558105,µg/m³,2023-09-14T10:00:00Z
Qoryah Darussalam,pm25,51.983333587646484,µg/m³,2023-09-14T11:00:00Z
Qoryah Darussalam,pm25,50.65833250681559,µg/m³,2023-09-14T12:00:00Z
Qoryah Darussalam,pm25,53.374999364217125,µg/m³,2023-09-14T13:00:00Z
Qoryah Darussalam,pm25,61.08749930063883,µg/m³,2023-09-14T14:00:00Z
Qoryah Darussalam,pm25,75.83333333333333,µg/m³,2023-09-14T15:00:00Z
Qoryah Darussalam,pm25,76.13333511352539,µg/m³,2023-09-14T16:00:00Z
Qoryah Darussalam,pm25,79.43333562215169,µg/m³,2023-09-14T17:00:00Z
Qoryah Darussalam,pm25,65.3791659673055,µg/m³,2023-09-14T18:00:00Z
Qoryah Darussalam,pm25,60.07500044504801,µg/m³,2023-09-14T19:00:00Z
Qoryah Darussalam,pm25,51.83750025431315,µg/m³,2023-09-14T20:00:00Z
Qoryah Darussalam,pm25,50.120834032694496,µg/m³,2023-09-14T21:00:00Z
Qoryah Darussalam,pm25,50.09166590372721,µg/m³,2023-09-14T22:00:00Z
Qoryah Darussalam,pm25,52.37083339691162,µg/m³,2023-09-14T23:00:00Z
Qoryah Darussalam,pm25,67.95416577657063,µg/m³,2023-09-15T00:00:00Z
Qoryah Darussalam,pm25,73.01250012715657,µg/m³,2023-09-15T01:00:00Z
Qoryah Darussalam,pm25,65.35416634877522,µg/m³,2023-09-15T03:00:00Z
Qoryah Darussalam,pm25,55.81666628519694,µg/m³,2023-09-15T04:00:00Z
Qoryah Darussalam,pm25,45.66249974568685,µg/m³,2023-09-15T05:00:00Z
Qoryah Darussalam,pm25,51.71249961853027,µg/m³,2023-09-15T06:00:00Z
Qoryah Darussalam,pm25,53.00833320617676,µg/m³,2023-09-15T07:00:00Z
Qoryah Darussalam,pm25,50.73749987284342,µg/m³,2023-09-15T10:00:00Z
Qoryah Darussalam,pm25,44.63333320617676,µg/m³,2023-09-15T12:00:00Z
Qoryah Darussalam,pm25,48.41249942779541,µg/m³,2023-09-15T13:00:00Z
Qoryah Darussalam,pm25,54.34583282470703,µg/m³,2023-09-15T14:00:00Z
Qoryah Darussalam,pm25,75.8125,µg/m³,2023-09-15T15:00:00Z
Qoryah Darussalam,pm25,77.21666653951009,µg/m³,2023-09-15T16:00:00Z
Qoryah Darussalam,pm25,96.6208324432373,µg/m³,2023-09-15T17:00:00Z
Qoryah Darussalam,pm25,82.33333396911621,µg/m³,2023-09-15T18:00:00Z
Qoryah Darussalam,pm25,79.92499987284343,µg/m³,2023-09-15T19:00:00Z
Qoryah Darussalam,pm25,92.79166666666667,µg/m³,2023-09-15T20:00:00Z
Qoryah Darussalam,pm25,89.64583396911621,µg/m³,2023-09-15T21:00:00Z
Qoryah Darussalam,pm25,73.95833396911621,µg/m³,2023-09-15T22:00:00Z
Qoryah Darussalam,pm25,67.84999974568684,µg/m³,2023-09-15T23:00:00Z
Qoryah Darussalam,pm25,75.00000127156575,µg/m³,2023-09-16T00:00:00Z
Qoryah Darussalam,pm25,93.09166590372722,µg/m³,2023-09-16T01:00:00Z
Qoryah Darussalam,pm25,81.30000178019206,µg/m³,2023-09-16T02:00:00Z
Qoryah Darussalam,pm25,39.79999987284342,µg/m³,2023-09-16T10:00:00Z
Qoryah Darussalam,pm25,52.83749961853027,µg/m³,2023-09-16T11:00:00Z
Qoryah Darussalam,pm25,51.999999364217125,µg/m³,2023-09-16T13:00:00Z
Qoryah Darussalam,pm25,60.416666984558105,µg/m³,2023-09-16T14:00:00Z
Qoryah Darussalam,pm25,60.94583384195963,µg/m³,2023-09-16T15:00:00Z
Qoryah Darussalam,pm25,91.00833384195964,µg/m³,2023-09-16T16:00:00Z
Qoryah Darussalam,pm25,94.77499834696452,µg/m³,2023-09-16T17:00:00Z
Qoryah Darussalam,pm25,89.9208329518636,µg/m³,2023-09-16T18:00:00Z
Qoryah Darussalam,pm25,85.17083358764648,µg/m³,2023-09-16T19:00:00Z
Qoryah Darussalam,pm25,62.524999936421715,µg/m³,2023-09-16T20:00:00Z
Qoryah Darussalam,pm25,50.65833346048991,µg/m³,2023-09-16T21:00:00Z
Qoryah Darussalam,pm25,45.34166685740153,µg/m³,2023-09-16T22:00:00Z
Qoryah Darussalam,pm25,46.60833295186361,µg/m³,2023-09-16T23:00:00Z
Qoryah Darussalam,pm25,54.41250069936117,µg/m³,2023-09-17T00:00:00Z
Qoryah Darussalam,pm25,66.57083352406819,µg/m³,2023-09-17T01:00:00Z
Qoryah Darussalam,pm25,74.97916666666667,µg/m³,2023-09-17T02:00:00Z
Qoryah Darussalam,pm25,68.45416641235352,µg/m³,2023-09-17T03:00:00Z
Qoryah Darussalam,pm25,64.03749815622966,µg/m³,2023-09-17T04:00:00Z
Qoryah Darussalam,pm25,69.77916653951009,µg/m³,2023-09-17T05:00:00Z
Jihan Fauziah Hamdi ,pm10,33.535863081614174,µg/m³,2024-03-06T17:00:00Z
Jihan Fauziah Hamdi ,pm10,23.385416984558105,µg/m³,2024-03-06T18:00:00Z
Jihan Fauziah Hamdi ,pm10,18.956994374593098,µg/m³,2024-03-06T19:00:00Z
Jihan Fauziah Hamdi ,pm10,14.452321434020996,µg/m³,2024-03-06T20:00:00Z
Jihan Fauziah Hamdi ,pm10,11.875,µg/m³,2024-03-06T21:00:00Z
Jihan Fauziah Hamdi ,pm10,8.185714721679688,µg/m³,2024-03-06T22:00:00Z
Jihan Fauziah Hamdi ,pm10,5.9375,µg/m³,2024-03-06T23:00:00Z
Jihan Fauziah Hamdi ,pm10,13.657142639160156,µg/m³,2024-03-07T00:00:00Z
Jihan Fauziah Hamdi ,pm10,10.725000381469727,µg/m³,2024-03-07T01:00:00Z
Jihan Fauziah Hamdi ,pm10,15.471428871154785,µg/m³,2024-03-07T02:00:00Z
Jihan Fauziah Hamdi ,pm10,16.071428298950195,µg/m³,2024-03-07T03:00:00Z
Jihan Fauziah Hamdi ,pm10,12.35714340209961,µg/m³,2024-03-07T04:00:00Z
Jihan Fauziah Hamdi ,pm10,9.514286041259766,µg/m³,2024-03-07T05:00:00Z
Jihan Fauziah Hamdi ,pm10,9.983333587646484,µg/m³,2024-03-07T06:00:00Z
Jihan Fauziah Hamdi ,pm10,82.68571472167969,µg/m³,2024-03-07T07:00:00Z
Jihan Fauziah Hamdi ,pm10,26.02857208251953,µg/m³,2024-03-07T08:00:00Z
Jihan Fauziah Hamdi ,pm10,34.84047603607178,µg/m³,2024-03-07T09:00:00Z
Jihan Fauziah Hamdi ,pm10,68.67142486572266,µg/m³,2024-03-07T10:00:00Z
Jihan Fauziah Hamdi ,pm10,19.14285659790039,µg/m³,2024-03-07T11:00:00Z
Jihan Fauziah Hamdi ,pm10,25.362499237060547,µg/m³,2024-03-07T12:00:00Z
Jihan Fauziah Hamdi ,pm10,29.862499237060547,µg/m³,2024-03-07T13:00:00Z
Jihan Fauziah Hamdi ,pm10,19.814285278320312,µg/m³,2024-03-07T14:00:00Z
Jihan Fauziah Hamdi ,pm10,10.54285717010498,µg/m³,2024-03-07T15:00:00Z
Jihan Fauziah Hamdi ,pm10,8.314285278320312,µg/m³,2024-03-07T16:00:00Z
Jihan Fauziah Hamdi ,pm10,5.27142858505249,µg/m³,2024-03-07T17:00:00Z
Jihan Fauziah Hamdi ,pm10,4.27142858505249,µg/m³,2024-03-07T18:00:00Z
Jihan Fauziah Hamdi ,pm10,3.3142857551574707,µg/m³,2024-03-07T19:00:00Z
Jihan Fauziah Hamdi ,pm10,3.002529740333557,µg/m³,2024-03-07T20:00:00Z
Jihan Fauziah Hamdi ,pm10,2.9784226218859353,µg/m³,2024-03-07T21:00:00Z
Jihan Fauziah Hamdi ,pm10,2.478422631820043,µg/m³,2024-03-07T22:00:00Z
Jihan Fauziah Hamdi ,pm10,2.2249999046325684,µg/m³,2024-03-07T23:00:00Z
Jihan Fauziah Hamdi ,pm10,71.92916615804036,µg/m³,2024-03-09T18:00:00Z
Jihan Fauziah Hamdi ,pm10,68.70208358764648,µg/m³,2024-03-09T19:00:00Z
Jihan Fauziah Hamdi ,pm10,66.54345258076985,µg/m³,2024-03-09T20:00:00Z
Jihan Fauziah Hamdi ,pm10,58.256547609965004,µg/m³,2024-03-09T21:00:00Z
Jihan Fauziah Hamdi ,pm10,62.629910151163735,µg/m³,2024-03-09T22:00:00Z
Jihan Fauziah Hamdi ,pm10,62.10892836252848,µg/m³,2024-03-09T23:00:00Z
Jihan Fauziah Hamdi ,pm10,57.678571701049805,µg/m³,2024-03-10T00:00:00Z
Jihan Fauziah Hamdi ,pm10,65.32232125600179,µg/m³,2024-03-10T01:00:00Z
Jihan Fauziah Hamdi ,pm10,61.62128003438314,µg/m³,2024-03-10T02:00:00Z
Jihan Fauziah Hamdi ,pm10,62.14746952056885,µg/m³,2024-03-10T03:00:00Z
Jihan Fauziah Hamdi ,pm10,109.93824513753255,µg/m³,2024-03-10T04:00:00Z
Jihan Fauziah Hamdi ,pm10,85.35803540547688,µg/m³,2024-03-10T05:00:00Z
Jihan Fauziah Hamdi ,pm10,52.024999936421715,µg/m³,2024-03-10T06:00:00Z
Jihan Fauziah Hamdi ,pm10,55.9144344329834,µg/m³,2024-03-10T07:00:00Z
Jihan Fauziah Hamdi ,pm10,82.58229223887126,µg/m³,2024-03-10T08:00:00Z
Jihan Fauziah Hamdi ,pm10,75.35818576812744,µg/m³,2024-03-10T09:00:00Z
Jihan Fauziah Hamdi ,pm10,96.44970385233562,µg/m³,2024-03-10T10:00:00Z
Jihan Fauziah Hamdi ,pm10,55.199255307515465,µg/m³,2024-03-10T14:00:00Z
Jihan Fauziah Hamdi ,pm10,54.57752990722656,µg/m³,2024-03-10T15:00:00Z
Jihan Fauziah Hamdi ,pm10,56.438541094462074,µg/m³,2024-03-10T16:00:00Z
Jihan Fauziah Hamdi ,pm10,60.15118980407715,µg/m³,2024-03-10T17:00:00Z
Jihan Fauziah Hamdi ,pm10,52.88749980926514,µg/m³,2024-03-10T18:00:00Z
Jihan Fauziah Hamdi ,pm10,54.68883959452311,µg/m³,2024-03-10T19:00:00Z
Jihan Fauziah Hamdi ,pm10,55.76860078175863,µg/m³,2024-03-10T20:00:00Z
Jihan Fauziah Hamdi ,pm10,58.538689931233726,µg/m³,2024-03-10T21:00:00Z
Jihan Fauziah Hamdi ,pm10,52.029911518096924,µg/m³,2024-03-10T22:00:00Z
Jihan Fauziah Hamdi ,pm10,17.659821669260662,µg/m³,2024-03-10T23:00:00Z
Jihan Fauziah Hamdi ,pm10,27.608779748280842,µg/m³,2024-03-11T00:00:00Z
Jihan Fauziah Hamdi ,pm10,40.89732106526693,µg/m³,2024-03-11T01:00:00Z
Jihan Fauziah Hamdi ,pm10,66.6654764811198,µg/m³,2024-03-11T02:00:00Z
Jihan Fauziah Hamdi ,pm10,48.83824348449707,µg/m³,2024-03-11T03:00:00Z
Jihan Fauziah Hamdi ,pm10,42.113094647725426,µg/m³,2024-03-11T04:00:00Z
Jihan Fauziah Hamdi ,pm10,32.50892861684164,µg/m³,2024-03-11T05:00:00Z
Jihan Fauziah Hamdi ,pm10,30.536606788635254,µg/m³,2024-03-11T06:00:00Z
Jihan Fauziah Hamdi ,pm10,38.60029776891073,µg/m³,2024-03-11T07:00:00Z
Jihan Fauziah Hamdi ,pm10,35.164881229400635,µg/m³,2024-03-11T08:00:00Z
Jihan Fauziah Hamdi ,pm10,37.40669600168864,µg/m³,2024-03-11T09:00:00Z
Jihan Fauziah Hamdi ,pm10,26.8942138671875,µg/m³,2024-03-11T10:00:00Z
Jihan Fauziah Hamdi ,pm10,662.5482114156088,µg/m³,2024-03-11T11:00:00Z
Jihan Fauziah Hamdi ,pm10,445.9430109659831,µg/m³,2024-03-11T12:00:00Z
Jihan Fauziah Hamdi ,pm10,207.85416793823242,µg/m³,2024-03-11T14:00:00Z
Jihan Fauziah Hamdi ,pm10,140.4306557973226,µg/m³,2024-03-11T15:00:00Z
Jihan Fauziah Hamdi ,pm10,99.17157745361328,µg/m³,2024-03-11T16:00:00Z
Jihan Fauziah Hamdi ,pm10,71.11398760477702,µg/m³,2024-03-11T17:00:00Z
Jihan Fauziah Hamdi ,pm10,60.76488049825033,µg/m³,2024-03-13T21:00:00Z
Jihan Fauziah Hamdi ,pm10,68.35982163747151,µg/m³,2024-03-13T22:00:00Z
Jihan Fauziah Hamdi ,pm10,68.8007443745931,µg/m³,2024-03-13T23:00:00Z
Jihan Fauziah Hamdi ,pm10,59.0625,µg/m³,2024-03-14T13:00:00Z
Jihan Fauziah Hamdi ,pm10,50.17589282989502,µg/m³,2024-03-14T14:00:00Z
Jihan Fauziah Hamdi ,pm10,49.966071446736656,µg/m³,2024-03-14T15:00:00Z
Jihan Fauziah Hamdi ,pm10,43.44836298624674,µg/m³,2024-03-14T17:00:00Z
Jihan Fauziah Hamdi ,pm10,35.2766367594401,µg/m³,2024-03-14T18:00:00Z
Jihan Fauziah Hamdi ,pm10,30.206250031789143,µg/m³,2024-03-14T19:00:00Z
Jihan Fauziah Hamdi ,pm10,19.792410532633465,µg/m³,2024-03-15T01:00:00Z
Jihan Fauziah Hamdi ,pm10,22.101190249125164,µg/m³,2024-03-15T02:00:00Z
Jihan Fauziah Hamdi ,pm10,36.45565446217855,µg/m³,2024-03-15T03:00:00Z
Jihan Fauziah Hamdi ,pm10,12.39821449915568,µg/m³,2024-03-15T05:00:00Z
Jihan Fauziah Hamdi ,pm10,13.637500047683716,µg/m³,2024-03-15T06:00:00Z
Jihan Fauziah Hamdi ,pm10,20.436755975087483,µg/m³,2024-03-15T07:00:00Z
Jihan Fauziah Hamdi ,pm10,41.3483632405599,µg/m³,2024-03-15T08:00:00Z
Jihan Fauziah Hamdi ,pm10,39.92261950174967,µg/m³,2024-03-15T09:00:00Z
Jihan Fauziah Hamdi ,pm10,34.63869031270345,µg/m³,2024-03-15T10:00:00Z
Jihan Fauziah Hamdi ,pm10,328.2392857869466,µg/m³,2024-03-15T11:00:00Z
Jihan Fauziah Hamdi ,pm10,295.3203868865967,µg/m³,2024-03-15T12:00:00Z
Jihan Fauziah Hamdi ,pm10,64.21592251459758,µg/m³,2024-03-15T13:00:00Z
Jihan Fauziah Hamdi ,pm10,71.59300629297893,µg/m³,2024-03-15T14:00:00Z
Jihan Fauziah Hamdi ,pm10,74.26473236083984,µg/m³,2024-03-15T15:00:00Z
Jihan Fauziah Hamdi ,pm10,69.7068452835083,µg/m³,2024-03-15T16:00:00Z
Jihan Fauziah Hamdi ,pm10,45.90044609705607,µg/m³,2024-03-15T17:00:00Z
Jihan Fauziah Hamdi ,pm10,2.5184524059295654,µg/m³,2024-03-07T23:00:00Z
Jihan Fauziah Hamdi ,pm10,4.5385416348775225,µg/m³,2024-03-08T00:00:00Z
Jihan Fauziah Hamdi ,pm10,8.829613169034323,µg/m³,2024-03-08T01:00:00Z
Jihan Fauziah Hamdi ,pm10,12.537648836771647,µg/m³,2024-03-08T02:00:00Z
Jihan Fauziah Hamdi ,pm10,14.725000063578287,µg/m³,2024-03-08T03:00:00Z
Jihan Fauziah Hamdi ,pm10,14.819940408070883,µg/m³,2024-03-08T04:00:00Z
Jihan Fauziah Hamdi ,pm10,19.14315454165141,µg/m³,2024-03-08T05:00:00Z
Jihan Fauziah Hamdi ,pm10,39.52485100428263,µg/m³,2024-03-08T06:00:00Z
Jihan Fauziah Hamdi ,pm10,67.04255930582683,µg/m³,2024-03-08T07:00:00Z
Jihan Fauziah Hamdi ,pm10,37.934970696767174,µg/m³,2024-03-08T08:00:00Z
Jihan Fauziah Hamdi ,pm10,20.136309305826824,µg/m³,2024-03-08T09:00:00Z
Jihan Fauziah Hamdi ,pm10,16.72455366452535,µg/m³,2024-03-08T10:00:00Z
Jihan Fauziah Hamdi ,pm10,16.63675586382548,µg/m³,2024-03-08T11:00:00Z
Jihan Fauziah Hamdi ,pm10,20.902976195017498,µg/m³,2024-03-08T12:00:00Z
Jihan Fauziah Hamdi ,pm10,17.624107281366985,µg/m³,2024-03-08T13:00:00Z
Jihan Fauziah Hamdi ,pm10,18.383630990982056,µg/m³,2024-03-08T14:00:00Z
Jihan Fauziah Hamdi ,pm10,13.749702374140421,µg/m³,2024-03-08T15:00:00Z
Jihan Fauziah Hamdi ,pm10,20.25357135136922,µg/m³,2024-03-08T16:00:00Z
Jihan Fauziah Hamdi ,pm10,28.921131134033203,µg/m³,2024-03-08T17:00:00Z
Jihan Fauziah Hamdi ,pm10,19.85744047164917,µg/m³,2024-03-08T18:00:00Z
Jihan Fauziah Hamdi ,pm10,21.33541663487752,µg/m³,2024-03-08T19:00:00Z
Jihan Fauziah Hamdi ,pm10,18.15252955754598,µg/m³,2024-03-08T20:00:00Z
Jihan Fauziah Hamdi ,pm10,17.768749952316284,µg/m³,2024-03-08T21:00:00Z
Jihan Fauziah Hamdi ,pm10,13.391368945439657,µg/m³,2024-03-08T22:00:00Z
Jihan Fauziah Hamdi ,pm10,10.817113081614176,µg/m³,2024-03-08T23:00:00Z
Jihan Fauziah Hamdi ,pm10,36.651041666666664,µg/m³,2024-03-09T00:00:00Z
Jihan Fauziah Hamdi ,pm10,17.147172609965008,µg/m³,2024-03-09T01:00:00Z
Jihan Fauziah Hamdi ,pm10,13.633928537368774,µg/m³,2024-03-09T02:00:00Z
Jihan Fauziah Hamdi ,pm10,18.983630975087483,µg/m³,2024-03-09T03:00:00Z
Jihan Fauziah Hamdi ,pm10,23.407588958740234,µg/m³,2024-03-09T04:00:00Z
Jihan Fauziah Hamdi ,pm10,15.526934583981832,µg/m³,2024-03-09T05:00:00Z
Jihan Fauziah Hamdi ,pm10,10.733313600222269,µg/m³,2024-03-09T06:00:00Z
Jihan Fauziah Hamdi ,pm10,12.708184560139975,µg/m³,2024-03-09T07:00:00Z
Jihan Fauziah Hamdi ,pm10,23.223065455754597,µg/m³,2024-03-09T08:00:00Z
Jihan Fauziah Hamdi ,pm10,32.23392868041992,µg/m³,2024-03-09T09:00:00Z
Jihan Fauziah Hamdi ,pm10,32.0703870455424,µg/m³,2024-03-09T10:00:00Z
Jihan Fauziah Hamdi ,pm10,40.81220245361328,µg/m³,2024-03-09T11:00:00Z
Jihan Fauziah Hamdi ,pm10,46.14017899831136,µg/m³,2024-03-09T12:00:00Z
Jihan Fauziah Hamdi ,pm10,64.22604115804036,µg/m³,2024-03-09T13:00:00Z
Jihan Fauziah Hamdi ,pm10,60.19181537628174,µg/m³,2024-03-09T14:00:00Z
Jihan Fauziah Hamdi ,pm10,54.54375012715658,µg/m³,2024-03-09T15:00:00Z
Jihan Fauziah Hamdi ,pm10,71.20148785909016,µg/m³,2024-03-09T16:00:00Z
Jihan Fauziah Hamdi ,pm10,70.09821510314941,µg/m³,2024-03-09T17:00:00Z
Jihan Fauziah Hamdi ,pm10,71.92916615804036,µg/m³,2024-03-09T18:00:00Z
Jihan Fauziah Hamdi ,pm10,68.70208358764648,µg/m³,2024-03-09T19:00:00Z
Jihan Fauziah Hamdi ,pm25,57.868181402033024,µg/m³,2023-10-30T13:00:00Z
Jihan Fauziah Hamdi ,pm25,58.80833371480306,µg/m³,2023-10-30T14:00:00Z
Jihan Fauziah Hamdi ,pm25,58.891666412353516,µg/m³,2023-10-30T16:00:00Z
Jihan Fauziah Hamdi ,pm25,60.19166692097982,µg/m³,2023-10-30T17:00:00Z
Jihan Fauziah Hamdi ,pm25,62.96666653951009,µg/m³,2023-10-30T18:00:00Z
Jihan Fauziah Hamdi ,pm25,64.32916641235352,µg/m³,2023-10-30T19:00:00Z
Jihan Fauziah Hamdi ,pm25,67.50833193461101,µg/m³,2023-10-30T20:00:00Z
Jihan Fauziah Hamdi ,pm25,62.354166666666664,µg/m³,2023-10-30T21:00:00Z
Jihan Fauziah Hamdi ,pm25,55.47083346048991,µg/m³,2023-10-30T22:00:00Z
Jihan Fauziah Hamdi ,pm25,53.94583288828532,µg/m³,2023-10-30T23:00:00Z
Jihan Fauziah Hamdi ,pm25,224.88750203450522,µg/m³,2023-10-31T00:00:00Z
Jihan Fauziah Hamdi ,pm25,158.09999720255533,µg/m³,2023-10-31T01:00:00Z
Jihan Fauziah Hamdi ,pm25,131.5666643778483,µg/m³,2023-10-31T02:00:00Z
Jihan Fauziah Hamdi ,pm25,106.30833307902019,µg/m³,2023-10-31T03:00:00Z
Jihan Fauziah Hamdi ,pm25,103.55833435058594,µg/m³,2023-10-31T04:00:00Z
Jihan Fauziah Hamdi ,pm25,112.57083193461101,µg/m³,2023-10-31T05:00:00Z
Jihan Fauziah Hamdi ,pm25,253.48333613077799,µg/m³,2023-10-31T06:00:00Z
Jihan Fauziah Hamdi ,pm25,302.9208348592122,µg/m³,2023-10-31T07:00:00Z
Jihan Fauziah Hamdi ,pm25,105.67916615804036,µg/m³,2023-10-31T08:00:00Z
Jihan Fauziah Hamdi ,pm25,65.07083384195964,µg/m³,2023-10-31T09:00:00Z
Jihan Fauziah Hamdi ,pm25,100.25416501363118,µg/m³,2023-10-31T10:00:00Z
Jihan Fauziah Hamdi ,pm25,99.27916526794434,µg/m³,2023-10-31T11:00:00Z
Jihan Fauziah Hamdi ,pm25,149.9583339691162,µg/m³,2023-10-31T12:00:00Z
Jihan Fauziah Hamdi ,pm25,131.98750114440918,µg/m³,2023-10-31T13:00:00Z
Jihan Fauziah Hamdi ,pm25,90.0500005086263,µg/m³,2023-10-31T14:00:00Z
Jihan Fauziah Hamdi ,pm25,103.90416653951009,µg/m³,2023-10-31T16:00:00Z
Jihan Fauziah Hamdi ,pm25,170.57916704813638,µg/m³,2023-10-31T17:00:00Z
Jihan Fauziah Hamdi ,pm25,207.40833155314127,µg/m³,2023-10-31T18:00:00Z
Jihan Fauziah Hamdi ,pm25,158.14583460489908,µg/m³,2023-10-31T19:00:00Z
Jihan Fauziah Hamdi ,pm25,125.06666501363118,µg/m³,2023-10-31T20:00:00Z
Jihan Fauziah Hamdi ,pm25,98.90833473205566,µg/m³,2023-10-31T21:00:00Z
Jihan Fauziah Hamdi ,pm25,81.84583282470703,µg/m³,2023-10-31T22:00:00Z
Jihan Fauziah Hamdi ,pm25,69.09166717529297,µg/m³,2023-10-31T23:00:00Z
Jihan Fauziah Hamdi ,pm25,273.61667251586914,µg/m³,2023-11-01T00:00:00Z
Jihan Fauziah Hamdi ,pm25,167.46250089009604,µg/m³,2023-11-01T01:00:00Z
Jihan Fauziah Hamdi ,pm25,93.76250012715657,µg/m³,2023-11-01T02:00:00Z
Jihan Fauziah Hamdi ,pm25,119.23333231608073,µg/m³,2023-11-01T03:00:00Z
Jihan Fauziah Hamdi ,pm25,190.5500005086263,µg/m³,2023-11-01T04:00:00Z
Jihan Fauziah Hamdi ,pm25,97.6083329518636,µg/m³,2023-11-01T05:00:00Z
Jihan Fauziah Hamdi ,pm25,539.3333384195963,µg/m³,2023-11-01T07:00:00Z
Jihan Fauziah Hamdi ,pm25,138.78749910990396,µg/m³,2023-11-01T09:00:00Z
Jihan Fauziah Hamdi ,pm25,87.05833435058594,µg/m³,2023-11-01T10:00:00Z
Jihan Fauziah Hamdi ,pm25,56.2416664759318,µg/m³,2023-11-01T11:00:00Z
Jihan Fauziah Hamdi ,pm25,49.41249974568685,µg/m³,2023-11-01T12:00:00Z
Jihan Fauziah Hamdi ,pm25,56.38750012715658,µg/m³,2023-11-01T13:00:00Z
Jihan Fauziah Hamdi ,pm25,116.1833324432373,µg/m³,2023-11-01T14:00:00Z
Jihan Fauziah Hamdi ,pm25,180.22916793823242,µg/m³,2023-11-01T15:00:00Z
Jihan Fauziah Hamdi ,pm25,211.3499984741211,µg/m³,2023-11-01T16:00:00Z
Jihan Fauziah Hamdi ,pm25,199.88749821980795,µg/m³,2023-11-01T19:00:00Z
Jihan Fauziah Hamdi ,pm25,146.43333307902017,µg/m³,2023-11-01T20:00:00Z
Jihan Fauziah Hamdi ,pm25,100.9499994913737,µg/m³,2023-11-01T21:00:00Z
Jihan Fauziah Hamdi ,pm25,76.8958346048991,µg/m³,2023-11-01T22:00:00Z
Jihan Fauziah Hamdi ,pm25,62.22083314259847,µg/m³,2023-11-01T23:00:00Z
Jihan Fauziah Hamdi ,pm25,60.5541664759318,µg/m³,2023-11-02T00:00:00Z
Jihan Fauziah Hamdi ,pm25,71.89583269755046,µg/m³,2023-11-02T01:00:00Z
Jihan Fauziah Hamdi ,pm25,257.8000024159749,µg/m³,2023-11-02T02:00:00Z
Jihan Fauziah Hamdi ,pm25,95.27083333333333,µg/m³,2023-11-02T03:00:00Z
Jihan Fauziah Hamdi ,pm25,100.81666628519694,µg/m³,2023-11-02T04:00:00Z
Jihan Fauziah Hamdi ,pm25,92.99583371480306,µg/m³,2023-11-02T05:00:00Z
Jihan Fauziah Hamdi ,pm25,209.95000203450522,µg/m³,2023-11-02T06:00:00Z
Jihan Fauziah Hamdi ,pm25,97.40416717529297,µg/m³,2023-11-02T08:00:00Z
Jihan Fauziah Hamdi ,pm25,58.475000063578285,µg/m³,2023-11-02T09:00:00Z
Jihan Fauziah Hamdi ,pm25,108.52500120798747,µg/m³,2023-11-02T10:00:00Z
Jihan Fauziah Hamdi ,pm25,208.59583282470703,µg/m³,2023-11-02T11:00:00Z
Jihan Fauziah Hamdi ,pm25,146.85833485921225,µg/m³,2023-11-02T12:00:00Z
Jihan Fauziah Hamdi ,pm25,95.89166577657063,µg/m³,2023-11-02T13:00:00Z
Jihan Fauziah Hamdi ,pm25,76.27083269755046,µg/m³,2023-11-02T14:00:00Z
Jihan Fauziah Hamdi ,pm25,64.06666723887126,µg/m³,2023-11-02T15:00:00Z
Jihan Fauziah Hamdi ,pm25,57.43333307902018,µg/m³,2023-11-02T16:00:00Z
Jihan Fauziah Hamdi ,pm25,56.67916679382324,µg/m³,2023-11-02T17:00:00Z
Jihan Fauziah Hamdi ,pm25,55.03333377838135,µg/m³,2023-11-02T18:00:00Z
Jihan Fauziah Hamdi ,pm25,51.670833587646484,µg/m³,2023-11-02T19:00:00Z
Jihan Fauziah Hamdi ,pm25,52.48750019073486,µg/m³,2023-11-02T20:00:00Z
Jihan Fauziah Hamdi ,pm25,52.53333314259847,µg/m³,2023-11-02T21:00:00Z
Jihan Fauziah Hamdi ,pm25,53.066665967305504,µg/m³,2023-11-02T22:00:00Z
Jihan Fauziah Hamdi ,pm25,55.83750057220459,µg/m³,2023-11-02T23:00:00Z
Jihan Fauziah Hamdi ,pm25,61.75833288828532,µg/m³,2023-11-03T00:00:00Z
Jihan Fauziah Hamdi ,pm25,69.70000044504802,µg/m³,2023-11-03T01:00:00Z
Jihan Fauziah Hamdi ,pm25,93.11666742960612,µg/m³,2023-11-03T03:00:00Z
Jihan Fauziah Hamdi ,pm25,74.19583447774251,µg/m³,2023-11-03T04:00:00Z
Jihan Fauziah Hamdi ,pm25,85.34583346048991,µg/m³,2023-11-03T05:00:00Z
Jihan Fauziah Hamdi ,pm25,82.21249961853027,µg/m³,2023-11-03T06:00:00Z
Jihan Fauziah Hamdi ,pm25,66.61250114440918,µg/m³,2023-11-03T07:00:00Z
Jihan Fauziah Hamdi ,pm25,67.61666584014893,µg/m³,2023-11-03T08:00:00Z
Jihan Fauziah Hamdi ,pm25,72.41250038146973,µg/m³,2023-11-03T09:00:00Z
Jihan Fauziah Hamdi ,pm25,69.34583346048991,µg/m³,2023-11-03T10:00:00Z
Jihan Fauziah Hamdi ,pm25,61.916666984558105,µg/m³,2023-11-03T11:00:00Z
Jihan Fauziah Hamdi ,pm25,57.141666094462074,µg/m³,2023-11-03T12:00:00Z
Jihan Fauziah Hamdi ,pm25,52.81666660308838,µg/m³,2023-11-03T13:00:00Z
Jihan Fauziah Hamdi ,pm25,51.5625,µg/m³,2023-11-03T14:00:00Z
Jihan Fauziah Hamdi ,pm25,50.416666984558105,µg/m³,2023-11-03T16:00:00Z
Jihan Fauziah Hamdi ,pm25,53.170833587646484,µg/m³,2023-11-03T17:00:00Z
Jihan Fauziah Hamdi ,pm25,59.81249968210856,µg/m³,2023-11-03T18:00:00Z
Jihan Fauziah Hamdi ,pm25,70.52916653951009,µg/m³,2023-11-03T19:00:00Z
Jihan Fauziah Hamdi ,pm25,77.62499936421712,µg/m³,2023-11-03T20:00:00Z
Jihan Fauziah Hamdi ,pm25,80.85833231608073,µg/m³,2023-11-03T21:00:00Z
Jihan Fauziah Hamdi ,pm25,86.37500127156575,µg/m³,2023-11-03T22:00:00Z
Jihan Fauziah Hamdi ,pm25,83.04583422342937,µg/m³,2023-11-04T00:00:00Z
Jihan Fauziah Hamdi ,pm25,83.37500063578288,µg/m³,2023-11-04T01:00:00Z
Jihan Fauziah Hamdi ,pm25,89.08749961853027,µg/m³,2023-11-04T02:00:00Z
